part_id,packaging_id,units_per_container,q_volume,q_weight,q_geometry,cube_utilization,gross_weight_kg,annual_packaging_cost_eur,annual_handling_cost_eur,annual_damage_cost_eur,annual_packaging_transport_proxy_eur,total_packaging_system_cost_eur,returnable
P0000,PK04,2,3,7,2,0.6319298245614035,7.6224,42154.0,30110.0,10859.035402799998,0,83123.0354028,False
P0001,PK05,1,6,43,0,0.16245416666666668,38.8465,1112848.0,312988.5,4590.7275249,0,1430427.2275249,False
P0002,PK05,4,11,55,4,0.34705,70.9964,83296.0,23427.0,187.20043584000004,0,106910.20043584,False
P0003,PK05,4,7,30,4,0.5382583333333333,109.6376,243504.0,68485.5,836.7013075,0,312826.2013075,False
P0004,PK04,2,5,11,2,0.3874003189792663,5.053999999999999,21151.199999999997,15108.0,5130.273597696,0,41389.473597696,False
P0005,PK04,1,2,2,0,0.38497607655502386,9.544,84487.2,60348.0,1034.305820352,0,145869.505820352,False
P0006,PK04,2,4,13,2,0.4771291866028708,4.3122,13899.199999999999,9928.0,190.786534848,0,24017.986534847998,False
P0007,PK04,12,27,30,12,0.44287081339712914,10.3328,14806.4,10576.0,7272.8182824,0,32655.2182824,False
P0008,PK04,1,2,6,0,0.41074960127591703,4.4168,115665.2,82618.0,6409.648195320001,0,204692.84819532002,False
P0009,PK04,120,158,192,120,0.7578947368421052,15.74,204.39999999999998,146.0,357.131534976,0,707.531534976,False
P0010,PK04,1,1,4,0,0.7914354066985645,5.6461,516930.39999999997,369236.0,8109.756240432,0,894276.1562404319,False
P0011,PK04,48,80,95,48,0.594066985645933,12.838400000000002,2598.3999999999996,1856.0,3508.687012752,0,7963.087012751999,False
P0012,PK04,4,13,19,4,0.29492822966507176,5.6536,10575.599999999999,7554.0,179.196979416,0,18308.796979415998,False
P0013,PK04,3,9,9,3,0.3214354066985645,8.680100000000001,10799.599999999999,7714.0,86.40377063999999,0,18600.00377064,False
P0014,PK04,4,10,21,4,0.36714513556618816,5.3372,5219.2,3728.0,3974.859898751999,0,12922.059898751999,False
P0015,PK04,2,5,8,2,0.39888357256778306,6.513599999999999,17976.0,12840.0,169.52128128,0,30985.52128128,False
P0016,PK04,3,7,9,3,0.4007655502392344,8.0726,32729.199999999997,23378.0,4417.245505152,0,60524.445505152,False
P0017,PK04,1,2,5,1,0.3789314194577352,5.0919,42263.2,30188.0,435.491846496,0,72886.691846496,False
P0018,PK04,2,5,6,2,0.38306220095693777,8.2456,82695.2,59068.0,2416.708152,0,144179.90815200002,False
P0019,PK04,2,3,12,2,0.5028389154704944,4.7508,148750.0,106250.0,8510.931,0,263510.931,False
P0020,PK02,1,1,12,0,0.9116406250000002,6.1811,8275.909090909092,14565.599999999999,329.93872272,0,23171.44781362909,True
P0021,PK04,2,3,6,2,0.6358851674641148,8.5642,14565.599999999999,10404.0,415.20000211200005,0,25384.800002112,False
P0022,PK04,4,9,9,4,0.4152472089314194,11.0016,5339.599999999999,3814.0,809.3448355200001,0,9962.944835519998,False
P0023,PK04,1,1,2,0,0.6081499202551833,9.933800000000002,229465.59999999998,163904.0,14612.836862208002,0,407982.43686220795,False
P0024,PK04,4,8,19,4,0.48765550239234445,5.8088,10603.599999999999,7574.0,251.74824714,0,18429.34824714,False
P0025,PK04,20,38,50,20,0.5221690590111642,10.282000000000002,15472.8,11052.0,921.0738878519999,0,27445.873887851998,False
P0026,PK04,6,13,19,6,0.434066985645933,8.3522,24483.199999999997,17488.0,366.721144416,0,42337.921144415996,False
P0027,PK04,2,6,21,2,0.3266347687400319,3.0730000000000004,4928.0,3520.0,611.978733,0,9059.978733,False
P0028,PK05,5,10,229,5,0.49653125000000004,38.1515,332864.0,93618.0,5654.385732800001,0,432136.3857328,False
P0029,PK04,1,4,13,0,0.23347687400318975,2.6061,61583.2,43988.0,658.307164704,0,106229.507164704,False
P0030,PK04,1,2,8,0,0.46320574162679423,3.6108000000000002,84532.0,60380.0,11533.363490880001,0,156445.36349088,False
P0031,PK04,8,11,28,8,0.708389154704944,7.596,66693.2,47638.0,1209.2546904,0,115540.4546904,False
P0032,PK04,2,3,8,2,0.5555980861244019,6.641,17964.8,12832.0,2053.4382336,0,32850.2382336,False
P0033,PK04,3,12,7,3,0.23162679425837318,10.9103,148523.19999999998,106088.0,35232.439792536,0,289843.639792536,False
P0034,PK04,20,28,28,20,0.6909090909090908,17.826,5474.0,3910.0,7075.426815,0,16459.426815,False
P0035,PK04,4,12,30,4,0.3314832535885167,3.9612,45276.0,32340.0,1015.790497944,0,78631.790497944,False
P0036,PK04,1,1,6,0,0.5084051036682615,4.7825,111059.2,79328.0,2961.628537536,0,193348.828537536,False
P0037,PK04,2,3,15,2,0.6398405103668261,3.8840000000000003,21165.199999999997,15118.0,180.01728264000002,0,36463.21728264,False
P0038,PK05,3,7,27,3,0.405271875,95.61,105696.0,29727.0,131.3807649,0,135554.3807649,False
P0039,PK04,6,16,24,6,0.37368421052631573,6.608,7050.4,5036.0,1573.299298896,0,13659.699298896,False
P0040,PK03,1,1,3,0,0.9734226190476191,11.2961,15914.16,30801.6,524.2929958349999,0,47240.052995834994,True
P0041,PK04,3,12,30,3,0.24253588516746408,3.125,9273.599999999999,6624.0,823.3906648200002,0,16720.990664819998,False
P0042,PK04,3,5,15,3,0.5321052631578947,5.4671,28193.199999999997,20138.0,4637.6436543360005,0,52968.843654336,False
P0043,PK04,20,38,30,20,0.5250398724082934,16.57,10684.8,7632.0,2414.934729792,0,20731.734729792,False
P0044,PK04,1,2,6,0,0.36342902711323766,4.4021,32563.999999999996,23260.0,601.81761,0,56425.81761,False
P0045,PK04,1,1,2,0,0.7921371610845295,12.2476,42296.799999999996,30212.0,6517.766363472001,0,79026.566363472,False
P0046,PK04,3,5,10,3,0.5082296650717703,7.715000000000001,18522.0,13230.0,1257.9380159640002,0,33009.938015964,False
P0047,PK04,2,3,5,2,0.5357575757575757,8.800400000000002,95205.59999999999,68004.0,690.869134176,0,163900.46913417598,False
P0048,PK04,3,6,10,3,0.4618181818181818,7.5917,10239.599999999999,7314.0,128.162168784,0,17681.762168784,False
P0049,PK04,1,2,5,1,0.4960925039872408,5.0873,84694.4,60496.0,1183.005571584,0,146373.405571584,False
P0050,PK04,1,2,8,0,0.3667304625199362,3.4874,35918.399999999994,25656.0,222.71691384,0,61797.11691383999,False
P0051,PK04,24,33,36,24,0.7134928229665071,16.6712,3525.2,2518.0,205.40326852800004,0,6248.603268528,False
P0052,PK04,1,2,3,0,0.4504465709728867,7.0182,32418.399999999998,23156.0,3619.4172900479994,0,59193.81729004799,False
P0053,PK04,4,9,15,4,0.42264752791068577,6.97,13806.8,9862.0,2831.7569425199995,0,26500.556942519997,False
P0054,PK04,6,16,18,6,0.36861244019138756,8.42,37665.6,26904.0,20720.060484815996,0,85289.66048481599,False
P0055,PK04,3,5,4,3,0.5191866028708133,16.496000000000002,28254.8,20182.0,1301.956481232,0,49738.756481232005,False
P0056,PK04,4,15,16,4,0.26009569377990427,6.5236,21100.8,15072.0,408.168087552,0,36580.968087552006,False
P0057,PK04,2,2,11,2,0.690462519936204,4.8616,195157.19999999998,139398.0,207406.18901851203,0,541961.389018512,False
P0058,PK04,1,2,2,1,0.47594896331738434,9.5105,42288.399999999994,30206.0,326.70779394000004,0,72821.10779394,False
P0059,PK04,1,1,2,1,0.5030143540669856,9.8748,55552.0,39680.0,2116.30883328,0,97348.30883328,False
P0060,PK04,1,4,5,1,0.20964912280701753,5.1528,54801.6,39144.0,46.433082528,0,93992.03308252801,False
P0061,PK04,4,15,5,8,0.25039872408293457,16.9468,96199.59999999999,68714.0,3731.440775064,0,168645.04077506397,False
P0062,PK04,11,22,14,16,0.49456140350877187,19.6232,1156.3999999999999,826.0,25.669042559999998,0,2008.0690425599998,False
P0063,PK05,1,3,14,0,0.2875260416666667,69.9396,1259536.0,354244.5,1812.0692524800002,0,1615592.56925248,False
P0064,PK04,2,4,2,3,0.42564593301435405,17.5886,42380.799999999996,30272.0,836.31727872,0,73489.11727871999,False
P0065,PK04,3,7,9,3,0.3835406698564593,8.5985,14095.199999999999,10068.0,852.5364125760001,0,25015.736412575996,False
P0066,PK04,24,42,42,24,0.5657416267942582,14.4464,2730.0,1950.0,2017.3210535520002,0,6697.321053552,False
P0067,PK04,12,18,19,12,0.6516746411483253,15.7808,14302.4,10216.0,13847.542691136001,0,38365.942691136006,False
P0068,PK04,2,4,2,2,0.4125677830940988,22.543,17978.8,12842.0,901.3267113839999,0,31722.126711384,False
P0069,PK04,1,1,2,0,0.8131897926634768,9.370000000000001,84554.4,60396.0,6199.773574176,0,151150.173574176,False
P0070,PK04,3,10,4,3,0.29995215311004786,17.306,10236.8,7312.0,2266.7838819119997,0,19815.583881912,False
P0071,PK04,1,1,2,0,0.9448963317384369,11.123000000000001,36002.399999999994,25716.0,423.6350976,0,62142.0350976,False
P0072,PK04,3,4,8,3,0.6101913875598086,9.224900000000002,18468.8,13192.0,484.99390684799994,0,32145.793906848,False
P0073,PK05,4,7,29,4,0.5531291666666667,111.2688,44016.0,12379.5,530.1313700000001,0,56925.63137,False
P0074,PK04,6,10,12,6,0.589377990430622,12.7628,7050.4,5036.0,30056.360914944,0,42142.760914944,False
P0075,PK04,2,4,10,2,0.4207336523125996,5.264,42190.399999999994,30136.0,1296.97147008,0,73623.37147007999,False
P0076,PK04,20,33,25,20,0.6006379585326953,19.89,2116.7999999999997,1512.0,302811.549599844,0,306440.34959984396,False
P0077,PK04,3,7,30,3,0.42808612440191385,3.1610000000000005,11975.599999999999,8554.0,150.9306192,0,20680.5306192,False
P0078,PK04,2,4,21,2,0.4697607655502392,3.0614,8077.999999999999,5770.0,49.97293140000001,0,13897.9729314,False
P0079,PK05,1,5,14,0,0.19181875,67.48830000000001,2043600.0,574762.5,11731.676638500001,0,2630094.1766385,False
P0080,PK04,3,5,22,3,0.5967942583732057,3.9629000000000003,59628.799999999996,42592.0,1713.079068864,0,103933.87906886399,False
P0081,PK04,3,11,38,3,0.2563636363636363,2.6731999999999996,35789.6,25564.0,1765.45592064,0,63119.05592064,False
P0082,PK04,3,11,5,3,0.26789473684210524,14.1905,14120.4,10086.0,414.081395676,0,24620.481395676,False
P0083,PK04,1,3,3,0,0.3292663476874003,7.284,38334.799999999996,27382.0,800.6400963000001,0,66517.4400963,False
P0084,PK04,1,3,4,1,0.2557735247208931,6.0714,71898.4,51356.0,614.8126679039999,0,123869.212667904,False
P0085,PK04,124,409,155,300,0.30258373205741623,19.970399999999998,249.2,178.0,1629.2900917799998,0,2056.4900917799996,False
P0086,PK05,5,8,35,5,0.5816927083333334,115.5265,74688.0,21006.0,419.61585600000006,0,96113.615856,False
P0087,PK04,3,13,16,3,0.21483253588516743,5.255,28170.8,20122.0,3734.558670492,0,52027.358670492,False
P0088,PK04,8,17,14,8,0.4645614035087719,14.2416,6932.799999999999,4952.0,829.6190474399999,0,12714.419047439998,False
P0089,PK04,1,1,2,0,0.639712918660287,12.3185,84826.0,60590.0,3005.2034100000005,0,148421.20341,False
P0090,PK04,5,14,6,6,0.34577352472089307,18.105,8458.8,6042.0,1002.48156096,0,15503.28156096,False
P0091,PK04,3,7,8,3,0.4009090909090909,9.1658,28266.0,20190.0,487.10980744799997,0,48943.109807448,False
P0092,PK04,1,1,7,0,0.9555023923444975,3.8918,42294.0,30210.0,2353.5024975,0,74857.5024975,False
P0093,PK04,1,2,7,0,0.46832535885167464,4.1171,42364.0,30260.0,820.6279603199999,0,73444.62796032,False
P0094,PK04,1,2,6,1,0.4709409888357256,4.3735,84660.79999999999,60472.0,1197.665617824,0,146330.465617824,False
P0095,PK04,1,2,5,0,0.4768261562998405,5.3065999999999995,61359.2,43828.0,2418.070439304,0,107605.270439304,False
P0096,PK04,2,5,10,2,0.359170653907496,5.5192,186922.4,133516.0,8883.24535332,0,329321.64535332,False
P0097,PK04,9,23,11,16,0.3848325358851674,18.950300000000002,9436.0,6740.0,11399.529173472,0,27575.529173472,False
P0098,PK04,2,3,11,2,0.5766188197767145,4.9824,21123.199999999997,15088.0,1698.5243577600002,0,37909.724357759995,False
P0099,PK04,6,13,14,6,0.4341626794258373,10.446200000000001,2704.7999999999997,1932.0,9160.085624832001,0,13796.885624832,False
P0100,PK04,1,1,2,0,0.9133971291866028,11.802900000000001,106534.4,76096.0,474.610752,0,183105.010752,False
P0101,PK04,16,25,29,16,0.624688995215311,13.952,31992.8,22852.0,66685.250859552,0,121530.05085955201,False
P0102,PK02,1,2,1,0,0.4197526041666667,30.994999999999997,20379.545454545456,35868.0,308.21570955000004,0,56555.76116409546,True
P0103,PK04,2,5,11,2,0.33441786283891545,4.8064,17995.6,12854.0,1032.305249664,0,31881.905249664,False
P0104,PK04,2,4,5,2,0.47971291866028704,9.9824,21095.199999999997,15068.0,4123.812650880001,0,40287.012650879995,False
P0105,PK04,1,1,4,0,0.9222807017543859,6.063899999999999,178256.4,127326.0,3919.0148285759997,0,309501.41482857603,False
P0106,PK05,5,9,52,5,0.5344322916666666,85.322,97888.0,27531.0,286.25779800000004,0,125705.257798,False
P0107,PK04,4,9,6,4,0.4363636363636363,15.6912,71607.2,51148.0,10934.384879088,0,133689.58487908798,False
P0108,PK04,1,4,1,0,0.24928229665071772,13.447700000000001,55543.6,39674.0,120.410034564,0,95338.01003456401,False
P0109,PK05,2,5,37,2,0.34425208333333335,58.6514,428832.0,120609.0,1665.1401829200004,0,551106.14018292,False
P0110,PK04,10,21,26,10,0.4547049441786283,9.714,2914.7999999999997,2082.0,154.32816671999998,0,5151.128166719999,False
P0111,PK04,12,15,39,12,0.7621052631578947,8.168000000000001,3519.6,2514.0,2171.19143304,0,8204.79143304,False
P0112,PK05,5,8,193,5,0.5585833333333333,40.7625,41168.0,11578.5,1186.672746,0,53933.172746,False
P0113,PK04,16,22,22,16,0.718341307814992,17.723200000000002,2029.9999999999998,1450.0,28.017997020000003,0,3508.01799702,False
P0114,PK05,3,4,32,3,0.7446375000000001,84.5856,93136.0,26194.5,544.21641594,0,119874.71641594,False
P0115,PK04,1,1,3,0,0.9367942583732056,8.6288,24379.6,17414.0,155.42392039199999,0,41949.023920392,False
P0116,PK04,3,4,4,3,0.6306698564593302,15.919700000000002,18496.8,13212.0,819.246630816,0,32528.046630816,False
P0117,PK04,2,4,19,2,0.4270813397129186,3.311,21182.0,15130.0,835.0982880480001,0,37147.098288048,False
P0118,PK04,9,24,12,10,0.3644497607655502,18.3959,4743.2,3388.0,995.2495808639999,0,9126.449580864,False
P0119,PK04,4,12,15,4,0.31553429027113233,6.808,7660.799999999999,5472.0,1756.7436781440001,0,14889.543678144,False
P0120,PK04,1,3,5,0,0.28406698564593297,5.156,36078.0,25770.0,191.71550268,0,62039.71550268,False
P0121,PK04,1,1,2,0,0.533157894736842,11.159500000000001,32418.399999999998,23156.0,4215.868009752,0,59790.26800975199,False
P0122,PK04,20,33,34,20,0.5984051036682615,14.734,15511.999999999998,11080.0,1229.98623864,0,27821.98623864,False
P0123,PK04,4,10,7,4,0.36688995215311004,12.828000000000001,7685.999999999999,5490.0,127.290038436,0,13303.290038436,False
P0124,PK04,3,5,17,3,0.5367464114832536,4.860799999999999,21663.6,15474.0,227.548388592,0,37365.148388591995,False
P0125,PK04,32,53,41,36,0.5986602870813397,19.494400000000002,560.0,400.0,17.790090264000003,0,977.790090264,False
P0126,PK04,1,2,5,0,0.43031897926634766,5.0443999999999996,42361.2,30258.0,630.1331377199999,0,73249.33313772,False
P0127,PK04,1,1,3,0,0.8204306220095693,7.0267,84652.4,60466.0,1235.0918185199998,0,146353.49181852,False
P0128,PK04,3,7,5,3,0.41971291866028704,14.771,60603.2,43288.0,90.04111632,0,103981.24111632,False
P0129,PK04,2,3,6,2,0.6132695374800637,8.015600000000001,42403.2,30288.0,5992.819029900001,0,78684.0190299,False
P0130,PK04,1,3,3,0,0.30127591706539075,8.3716,42254.799999999996,30182.0,321.79161049199996,0,72758.59161049199,False
P0131,PK04,1,1,2,0,0.9040669856459329,12.5106,393937.6,281384.0,3823.76375592,0,679145.36375592,False
P0132,PK04,1,2,7,1,0.4088357256778309,4.0836,42856.799999999996,30612.0,639.887166576,0,74108.68716657598,False
P0133,PK04,3,6,15,3,0.4394258373205741,5.3777,44032.799999999996,31452.0,3110.5909629599996,0,78595.39096296,False
P0134,PK05,4,7,33,4,0.546225,101.1304,51232.0,14409.0,167.5083514,0,65808.5083514,False
P0135,PK04,2,2,9,2,0.6867623604465709,5.9356,72094.4,51496.0,1888.0293635519997,0,125478.429363552,False
P0136,PK04,4,8,17,4,0.4938437001594896,6.3464,10550.4,7536.0,1541.33874312,0,19627.73874312,False
P0137,PK04,2,7,3,3,0.283030303030303,16.6614,5751.2,4108.0,983.1224561040002,0,10842.322456104,False
P0138,PK04,1,1,3,0,0.6407974481658691,7.5432999999999995,42196.0,30140.0,944.9588042400001,0,73280.95880424,False
P0139,PK05,4,7,107,4,0.5573791666666666,48.1468,315296.0,88677.0,1335.1524416,0,405308.1524416,False
P0140,PK04,1,2,9,0,0.47137161084529505,3.2121000000000004,138311.59999999998,98794.0,2344.2689948400002,0,239449.86899483998,False
P0141,PK03,1,1,1,0,0.9983184523809524,20.1466,18753.76,36297.6,362.46905864400003,0,55413.829058644,True
P0142,PK04,1,1,4,0,0.9812759170653906,5.9982,32373.6,23124.0,200.30193791999997,0,55697.901937919996,False
P0143,PK04,2,5,14,2,0.370749601275917,4.115,6403.599999999999,4574.0,81.621310176,0,11059.221310175999,False
P0144,PK04,2,5,9,2,0.3958851674641148,5.886,42389.2,30278.0,3893.29278624,0,76560.49278623999,False
P0145,PK04,3,7,11,3,0.4188516746411483,6.989299999999999,59676.399999999994,42626.0,1472.632036344,0,103775.032036344,False
P0146,PK04,3,4,7,3,0.7496172248803827,10.7645,3844.3999999999996,2746.0,257.2359655679999,0,6847.635965568,False
P0147,PK04,3,4,6,3,0.6819617224880382,11.888000000000002,5980.799999999999,4272.0,108.56048332800002,0,10361.360483327999,False
P0148,PK05,1,4,33,0,0.24553958333333337,43.326,92384.0,25983.0,33.14356836,0,118400.14356836,False
P0149,PK04,3,5,6,3,0.5329665071770335,11.685500000000001,14075.599999999999,10054.0,1722.35158368,0,25851.95158368,False
P0150,PK04,6,13,14,6,0.44344497607655503,10.4954,2696.3999999999996,1926.0,303.28604459999997,0,4925.686044599999,False
P0151,PK04,3,6,8,3,0.4435406698564593,9.6767,32561.199999999997,23258.0,638.633163168,0,56457.833163168,False
P0152,PK04,36,49,145,36,0.7268899521531099,6.722,5972.4,4266.0,2600.009044776,0,12838.409044775999,False
P0153,PK04,2,6,11,2,0.30207336523125994,4.8229999999999995,21165.199999999997,15118.0,795.424620144,0,37078.62462014399,False
P0154,PK05,4,7,90,4,0.5421333333333334,52.636399999999995,34928.0,9823.5,215.76422720000002,0,44967.2642272,False
P0155,PK04,12,31,15,20,0.3825837320574162,19.8608,2702.0,1930.0,1819.4162363520002,0,6451.416236352,False
P0156,PK04,3,7,11,3,0.39311004784688985,7.0348999999999995,23990.399999999998,17136.0,30593.378462399996,0,71719.77846239999,False
P0157,PK04,16,33,33,16,0.4736204146730462,12.152000000000001,2646.0,1890.0,959.2424805599999,0,5495.24248056,False
P0158,PK04,21,44,26,30,0.47157894736842104,19.4816,11888.8,8492.0,5531.049780480001,0,25911.84978048,False
P0159,PK04,3,6,16,3,0.4576555023923445,5.289499999999999,7005.599999999999,5004.0,109.092071424,0,12118.692071423999,False
P0160,PK04,1,1,5,0,0.6020733652312599,5.1559,27678.0,19770.0,1660.9345585200003,0,49108.93455852,False
P0161,PK04,2,6,16,2,0.3008612440191387,3.6982,30685.199999999997,21918.0,420.0699888,0,53023.2699888,False
P0162,PK04,1,2,15,0,0.37199362041467304,2.3869,17875.199999999997,12768.0,806.0072469119999,0,31449.207246911996,False
P0163,PK02,1,1,5,0,0.9077213541666667,10.0302,24046.59090909091,42322.0,643.6586715,0,67012.24958059091,True
P0164,PK04,2,7,19,2,0.282615629984051,3.295,157178.0,112270.0,3895.76136564,0,273343.76136564,False
P0165,PK04,1,1,3,0,0.5220733652312599,7.284,141139.59999999998,100814.0,466.870037256,0,242420.470037256,False
P0166,PK04,1,1,5,0,0.5424720893141945,5.3385,61636.399999999994,44026.0,393.46670174400003,0,106055.86670174399,False
P0167,PK04,1,3,2,0,0.26213716108452945,11.264100000000001,84823.2,60588.0,1163.127102984,0,146574.327102984,False
P0168,PK04,28,53,62,28,0.5229346092503986,11.496,3012.7999999999997,2152.0,1786.9729201199996,0,6951.772920119999,False
P0169,PK03,1,1,1,0,0.9330803571428571,18.634900000000002,84514.68,163576.8,232.02040018500003,0,248323.50040018497,True
P0170,PK05,4,10,67,4,0.3693375,62.3756,60448.0,17001.0,852.0796095000001,0,78301.0796095,False
P0171,PK04,2,6,13,2,0.301371610845295,4.3658,42240.799999999996,30172.0,3249.32437674,0,75662.12437673999,False
P0172,PK04,2,2,6,2,0.760127591706539,8.475200000000001,13885.199999999999,9918.0,1777.8983392800003,0,25581.098339279997,False
P0173,PK04,1,1,4,0,0.6340988835725677,6.3064,30858.8,22042.0,95.00057915999999,0,52995.80057916,False
P0174,PK04,2,2,9,2,0.6703030303030303,6.0466,128066.4,91476.0,20311.895995776,0,239854.295995776,False
P0175,PK05,5,11,45,5,0.433546875,95.474,97136.0,27319.5,497.2877805600001,0,124952.78778056,False
P0176,PK04,2,6,4,2,0.31480063795853264,11.2942,13848.8,9892.0,73.44928704,0,23814.24928704,False
P0177,PK04,2,3,4,2,0.5827751196172248,11.763200000000001,22209.6,15864.0,5216.903388815999,0,43290.503388815996,False
P0178,PK04,3,7,8,3,0.41502392344497596,8.898800000000001,5392.799999999999,3852.0,552.3769935360001,0,9797.176993535999,False
P0179,PK04,8,17,28,8,0.46303030303030296,7.6088,5306.0,3790.0,775.9956060480001,0,9871.995606048,False
P0180,PK04,1,1,2,0,0.6160287081339713,11.7163,30645.999999999996,21890.0,4724.261580060001,0,57260.26158006,False
P0181,PK04,3,6,9,3,0.48186602870813394,8.344100000000001,87301.2,62358.0,253.19867263199995,0,149912.398672632,False
P0182,PK04,24,34,44,24,0.7054545454545454,13.851199999999999,7072.799999999999,5052.0,230.3466984,0,12355.1466984,False
P0183,PK04,16,24,25,16,0.6593939393939393,15.894400000000001,2654.3999999999996,1896.0,171.19595050799998,0,4721.595950508,False
P0184,PK04,1,2,12,0,0.4216267942583732,2.7911,264863.2,189188.0,591.574227456,0,454642.774227456,False
P0185,PK04,11,37,13,18,0.29403508771929826,19.7849,579.5999999999999,414.0,192.50741664,0,1186.1074166399999,False
P0186,PK04,1,1,2,0,0.7411483253588516,10.1235,200488.4,143206.0,12697.936537356,0,356392.336537356,False
P0187,PK04,1,1,5,0,0.6994098883572568,5.5775999999999994,84565.59999999999,60404.0,1516.64296128,0,146486.24296128,False
P0188,PK04,8,14,19,8,0.5511961722488038,10.794400000000001,5280.799999999999,3772.0,7809.093780876001,0,16861.893780876002,False
P0189,PK04,5,15,12,5,0.3136363636363636,10.762500000000001,45525.2,32518.0,32329.610218799997,0,110372.81021879999,False
P0190,PK05,4,9,20,4,0.41511666666666663,148.7208,199456.0,56097.0,1991.21113376,0,257544.21113376,False
P0191,PK04,4,8,7,4,0.4780223285486443,14.3932,2898.0,2070.0,486.2613456,0,5454.2613456,False
P0192,PK04,12,19,16,16,0.602488038277512,18.59,21915.6,15654.0,36389.817154224,0,73959.41715422401,False
P0193,PK04,2,6,36,2,0.3117065390749601,2.1315999999999997,63629.99999999999,45450.0,5445.467935488001,0,114525.467935488,False
P0194,PK04,8,15,73,8,0.5065390749601275,3.4024,22388.8,15992.0,323.55154188,0,38704.35154188,False
P0195,PK04,1,1,7,0,0.7504784688995214,3.9717000000000002,42226.799999999996,30162.0,97.48780668,0,72486.28780667999,False
P0196,PK04,14,29,18,16,0.4811802232854863,19.2898,35221.2,25158.0,1361.9235888,0,61741.123588799994,False
P0197,PK04,3,11,14,3,0.25851674641148326,5.683999999999999,21722.399999999998,15516.0,590.539953024,0,37828.939953024,False
P0198,PK04,2,7,9,2,0.27929824561403505,5.8048,91450.79999999999,65322.0,2012.0221152000004,0,158784.8221152,False
P0199,PK04,3,4,6,3,0.6284688995215311,12.575,21666.399999999998,15476.0,715.3392242880001,0,37857.739224287994,False
P0200,PK04,1,1,3,0,0.7041626794258373,7.0815,35848.399999999994,25606.0,369.571398,0,61823.971397999994,False
P0201,PK04,3,6,9,3,0.44291866028708127,8.444600000000001,40832.399999999994,29166.0,26289.911224008,0,96288.311224008,False
P0202,PK04,12,20,15,12,0.5850717703349281,19.5548,12614.0,9010.0,8927.360562540001,0,30551.36056254,False
P0203,PK05,4,10,32,4,0.3676625,102.9304,276592.0,77791.5,784.3634627399999,0,355167.86346274,False
P0204,PK04,3,9,5,3,0.3153588516746411,13.406,27017.199999999997,19298.0,223.449535008,0,46538.649535008,False
P0205,PK04,3,8,42,3,0.3471291866028708,2.4844999999999997,87662.4,62616.0,1004.5791927360002,0,151282.979192736,False
P0206,PK04,1,1,6,0,0.6251036682615629,4.46,30715.999999999996,21940.0,1606.9136832,0,54262.9136832,False
P0207,PK04,4,12,7,4,0.30928229665071766,14.1552,59642.799999999996,42602.0,5485.6380096,0,107730.4380096,False
P0208,PK04,1,1,2,0,0.6293779904306219,10.937100000000001,64758.399999999994,46256.0,279.496514304,0,111293.896514304,False
P0209,PK04,10,21,53,10,0.46299840510366824,5.299,4230.8,3022.0,738.99885252,0,7991.79885252,False
P0210,PK04,2,4,16,2,0.46124401913875596,3.6314,15313.199999999999,10938.0,477.41613624000007,0,26728.616136239998,False
P0211,PK04,2,3,5,2,0.514481658692185,10.1988,6372.799999999999,4552.0,554.7027673079999,0,11479.502767307999,False
P0212,PK04,15,18,19,16,0.8023923444976075,19.112000000000002,2396.7999999999997,1712.0,698.8288272,0,4807.628827199999,False
P0213,PK04,1,1,8,0,0.6983572567783093,3.6666,84422.79999999999,60302.0,444.054038472,0,145168.854038472,False
P0214,PK04,10,21,13,12,0.47591706539074957,18.846,41770.399999999994,29836.0,3414.819708,0,75021.21970799999,False
P0215,PK04,20,32,25,24,0.6194577352472088,19.566000000000003,22962.8,16402.0,87.06538176000001,0,39451.865381760006,False
P0216,PK04,10,24,29,10,0.4165869218500797,8.999,3231.2,2308.0,105.27943588800001,0,5644.479435888,False
P0217,PK04,3,7,4,3,0.4040669856459329,17.501,6966.4,4976.0,66.851942976,0,12009.251942976,False
P0218,PK04,7,21,9,8,0.3219776714513556,18.108900000000002,6056.4,4326.0,142.05050496,0,10524.45050496,False
P0219,PK04,12,19,40,12,0.6070813397129187,7.8368,7056.0,5040.0,1178.9173854,0,13274.9173854,False
P0220,PK04,6,21,8,10,0.2764593301435407,18.005000000000003,81830.0,58450.0,3947.846594496,0,144227.846594496,False
P0221,PK04,8,14,16,8,0.5709728867623604,12.664000000000001,55949.6,39964.0,16211.80224756,0,112125.40224756,False
P0222,PK04,3,6,6,3,0.4439712918660287,11.4872,14120.4,10086.0,309.21981552,0,24515.61981552,False
P0223,PK04,2,3,15,2,0.5902392344497607,3.928,7299.599999999999,5214.0,85.079841264,0,12598.679841263998,False
P0224,PK04,8,15,19,8,0.5098564593301436,10.72,21593.6,15424.0,450.616184088,0,37468.216184088,False
P0225,PK04,3,14,4,4,0.21181818181818182,16.334600000000002,7154.0,5110.0,245.57083833599998,0,12509.570838336,False
P0226,PK04,3,10,18,3,0.2882296650717703,4.6199,2116.7999999999997,1512.0,13.626724608000002,0,3642.426724608,False
P0227,PK04,3,8,15,3,0.36401913875598085,5.5013,37688.0,26920.0,4200.07433664,0,68808.07433664,False
P0228,PK04,3,6,6,3,0.44808612440191387,12.4565,28316.399999999998,20226.0,403.56335712,0,48945.963357119996,False
P0229,PK04,3,5,28,3,0.5918181818181818,3.3692,9256.8,6612.0,48.616012728,0,15917.416012728,False
P0230,PK04,1,1,1,0,0.5532854864433812,14.834700000000002,32418.399999999998,23156.0,57.612868992,0,55632.012868991995,False
P0231,PK04,5,18,18,5,0.26610845295055824,7.2604999999999995,11099.199999999999,7928.0,34.432994976,0,19061.632994975997,False
P0232,PK04,6,11,17,6,0.5283253588516746,8.9876,11950.4,8536.0,160.71115753200002,0,20647.111157532003,False
P0233,PK05,5,8,44,5,0.556734375,97.8595,293424.0,82525.5,12347.011556880001,0,388296.51155688,False
P0234,PK04,43,94,54,72,0.4533173843700159,19.5996,1971.1999999999998,1408.0,9097.451995176003,0,12476.651995176002,False
P0235,PK04,2,6,2,3,0.3198086124401914,16.8338,42352.799999999996,30252.0,323.705233584,0,72928.50523358399,False
P0236,PK05,4,7,59,4,0.5367875,67.8712,292320.0,82215.0,613.3520470000001,0,375148.352047,False
P0237,PK04,3,8,7,3,0.3619138755980861,10.9466,10292.8,7352.0,203.5010796,0,17848.301079599998,False
P0238,PK04,3,9,7,3,0.3232057416267942,10.5812,18566.8,13262.0,2649.263512896,0,34478.063512896,False
P0239,PK04,8,16,101,8,0.47234449760765546,2.6928,7271.599999999999,5194.0,3709.3625624640003,0,16174.962562464,False
P0240,PK05,3,10,99,3,0.28026875,43.5717,58464.0,16443.0,344.55410255000004,0,75251.55410255,False
P0241,PK04,1,1,6,0,0.5184529505582137,4.2782,308792.39999999997,220566.0,1723.662413784,0,531082.0624137839,False
P0242,PK04,1,2,3,1,0.3371929824561403,7.5699,132406.4,94576.0,1507.02694656,0,228489.42694656,False
P0243,PK04,2,4,7,2,0.43872408293460924,7.3052,15419.599999999999,11014.0,2147.93080722,0,28581.53080722,False
P0244,PK02,1,1,2,0,0.9209375000000001,16.4127,91453.4090909091,160958.0,304.45953005,0,252715.8686209591,True
P0245,PK04,1,1,6,0,0.5247208931419457,4.6774000000000004,31698.8,22642.0,418.49643326399996,0,54759.296433264004,False
P0246,PK04,48,78,61,48,0.6116746411483253,19.616000000000003,1013.5999999999999,724.0,6415.842794760001,0,8153.442794760002,False
P0247,PK05,5,7,46,5,0.630515625,94.4585,18496.0,5202.0,2612.2285499400004,0,26310.228549940002,False
P0248,PK04,1,3,4,1,0.28596491228070176,6.1221,394027.19999999995,281448.0,1938.3250583519996,0,677413.5250583519,False
P0249,PK04,3,5,14,3,0.5032057416267942,5.8019,3262.0,2330.0,122.375690136,0,5714.375690136,False
P0250,PK04,3,5,8,3,0.5107655502392344,9.797600000000001,12003.599999999999,8574.0,1398.6887335200001,0,21976.28873352,False
P0251,PK04,1,1,3,0,0.8547049441786283,7.0084,84613.2,60438.0,4502.49078384,0,149553.69078384002,False
P0252,PK05,1,3,46,0,0.28710520833333336,37.9131,132624.0,37300.5,10551.693090600002,0,180476.1930906,False
P0253,PK04,2,4,6,2,0.46437001594896327,8.0394,32533.199999999997,23238.0,524.707161552,0,56295.907161552,False
P0254,PK04,1,2,4,0,0.37811802232854863,6.3713999999999995,42291.2,30208.0,1814.880992256,0,74314.080992256,False
P0255,PK04,1,2,5,1,0.36880382775119613,5.1684,84532.0,60380.0,32081.026125,0,176993.026125,False
P0256,PK04,10,19,14,10,0.5065390749601275,17.646,6140.4,4386.0,2314.5132528000004,0,12840.913252800001,False
P0257,PK05,5,10,108,5,0.4591666666666667,54.058,96640.0,27180.0,550.54083308,0,124370.54083308,False
P0258,PK04,4,10,24,4,0.3712280701754386,4.776,15338.4,10956.0,313.65199152,0,26608.051991520002,False
P0259,PK04,1,2,3,0,0.4437639553429027,6.9666,317276.39999999997,226626.0,12019.788881496,0,555922.1888814959,False
P0260,PK04,20,25,56,20,0.7779904306220096,9.236,6160.0,4400.0,1766.8754463360003,0,12326.875446336,False
P0261,PK04,1,1,7,0,0.5275757575757575,4.1692,241558.8,172542.0,57292.252587468,0,471393.052587468,False
P0262,PK04,8,14,34,8,0.5525996810207335,6.4344,23119.6,16514.0,2891.0227668,0,42524.6227668,False
P0263,PK04,3,6,12,3,0.4384688995215311,6.4805,9214.8,6582.0,89.98182489600002,0,15886.781824896,False
P0264,PK04,28,58,85,28,0.4764912280701754,8.6316,12742.8,9102.0,10595.46170592,0,32440.26170592,False
P0265,PK04,6,18,21,6,0.332822966507177,7.345999999999999,11978.4,8556.0,214.79675353200003,0,20749.196753532,False
P0266,PK04,63,90,106,63,0.6993301435406698,15.0443,1139.6,814.0,416.98684391999996,0,2370.58684392,False
P0267,PK04,59,87,74,72,0.6756299840510366,19.8275,1430.8,1022.0,219.2904054,0,2672.0904054000002,False
P0268,PK05,4,8,26,4,0.49910000000000004,123.3408,60608.0,17046.0,457.52600777,0,78111.52600777,False
P0269,PK04,4,12,13,4,0.32031897926634767,8.136800000000001,39485.6,28204.0,14871.855243168,0,82561.455243168,False
P0270,PK04,17,25,21,20,0.6669856459330142,19.4184,4986.799999999999,3562.0,352.345653216,0,8901.145653216,False
P0271,PK04,3,5,3,3,0.504736842105263,19.0496,171676.4,122626.0,29532.786728256004,0,323835.18672825606,False
P0272,PK04,3,6,18,3,0.4432057416267942,4.6754,28142.8,20102.0,5680.270388496,0,53925.070388496,False
P0273,PK04,1,2,7,0,0.36370015948963313,4.1918,42364.0,30260.0,415.81960560000005,0,73039.8196056,False
P0274,PK04,1,1,4,0,0.670127591706539,5.9641,84394.79999999999,60282.0,10839.885006636001,0,155516.685006636,False
P0275,PK05,4,8,66,4,0.44895833333333335,63.0416,60576.0,17037.0,890.137818,0,78503.137818,False
P0276,PK04,1,2,4,0,0.4473205741626794,5.9220999999999995,30673.999999999996,21910.0,2240.41086234,0,54824.41086234,False
P0277,PK04,3,4,11,3,0.6050717703349282,7.1795,10264.8,7332.0,104.51707344,0,17701.31707344,False
P0278,PK04,1,2,4,0,0.4211004784688995,6.215,42274.399999999994,30196.0,8728.188585792,0,81198.588585792,False
P0279,PK05,4,8,41,4,0.4720541666666667,87.0564,106544.0,29965.5,972.9227079,0,137482.4227079,False
P0280,PK05,4,11,114,4,0.33520000000000005,46.8056,645936.0,181669.5,13517.380732799998,0,841122.8807328,False
P0281,PK04,3,4,21,3,0.6061244019138756,4.1381,178189.19999999998,127278.0,24094.092724308,0,329561.292724308,False
P0282,PK04,1,1,3,0,0.5766985645933014,7.6072999999999995,42277.2,30198.0,9315.428428152,0,81790.62842815199,False
P0283,PK04,3,8,7,3,0.3580382775119617,10.0364,18491.199999999997,13208.0,545.7508617599999,0,32244.950861759997,False
P0284,PK04,2,4,7,2,0.4429027113237639,6.897,17962.0,12830.0,918.9758469600002,0,31710.975846960002,False
P0285,PK04,3,6,16,3,0.4411004784688995,5.2196,29187.199999999997,20848.0,642.6341478,0,50677.8341478,False
P0286,PK04,8,15,51,8,0.5213397129186602,4.5416,5278.0,3770.0,433.20670206,0,9481.20670206,False
P0287,PK04,3,7,7,3,0.4099521531100478,10.190000000000001,9234.4,6596.0,11452.744724160002,0,27283.144724160004,False
P0288,PK04,10,21,34,10,0.47559808612440185,7.692,16816.8,12012.0,673.1752333439999,0,29501.975233343997,False
P0289,PK04,2,3,3,2,0.5659968102073365,13.8918,16223.199999999999,11588.0,169.60743753600002,0,27980.807437535997,False
P0290,PK04,1,4,7,0,0.2421212121212121,3.8879,247819.59999999998,177014.0,12815.232994079997,0,437648.83299408,False
P0291,PK04,3,10,30,3,0.28875598086124404,3.1676,28092.399999999998,20066.0,5891.385144816,0,54049.78514481599,False
P0292,PK04,1,3,8,0,0.2922807017543859,3.5827999999999998,142052.4,101466.0,22150.291205736,0,265668.691205736,False
P0293,PK04,18,36,37,18,0.49808612440191385,12.280400000000002,19283.6,13774.0,1367.1575736000002,0,34424.7575736,False
P0294,PK04,2,5,10,2,0.34688995215310997,5.2546,21050.399999999998,15036.0,81.50384088,0,36167.90384088,False
P0295,PK04,8,20,12,8,0.3977033492822966,16.2456,10592.4,7566.0,5061.680148095999,0,23220.080148096,False
P0296,PK04,3,9,30,3,0.3232535885167464,3.1693999999999996,9251.199999999999,6608.0,538.7100973199999,0,16397.91009732,False
P0297,PK04,2,3,9,2,0.5340031897926634,5.6384,3183.6,2274.0,824.130127296,0,6281.730127296,False
P0298,PK04,6,11,12,6,0.5402870813397129,12.7166,5124.0,3660.0,169.875607704,0,8953.875607704,False
P0299,PK04,3,6,14,3,0.454688995215311,5.7755,10869.599999999999,7764.0,340.675587552,0,18974.275587551998,False
P0300,PK04,4,14,29,4,0.27585326953748,4.072,10581.199999999999,7558.0,271.306581084,0,18410.506581084,False
P0301,PK04,2,8,15,2,0.2447846889952153,3.9737999999999998,60617.2,43298.0,2154.635949312,0,106069.835949312,False
P0302,PK04,2,3,12,2,0.5680063795853268,4.7584,42336.0,30240.0,3522.6844428599998,0,76098.68444286,False
P0303,PK04,1,1,2,0,0.8914194577352471,10.0084,42232.399999999994,30166.0,1054.06369026,0,73452.46369025999,False
P0304,PK04,21,47,26,36,0.44411483253588513,19.9709,1324.3999999999999,946.0,815.826789324,0,3086.2267893239996,False
P0305,PK04,2,2,4,2,0.8459968102073364,12.2924,27734.0,19810.0,11342.938168800001,0,58886.9381688,False
P0306,PK05,6,13,63,6,0.43366250000000006,85.2816,40192.0,11304.0,48.594088400000004,0,51544.5940884,False
P0307,PK04,2,5,6,2,0.3354704944178628,8.6462,4914.0,3510.0,16.68322656,0,8440.68322656,False
P0308,PK04,1,1,3,0,0.8099681020733651,7.0472,35912.799999999996,25652.0,545.248035552,0,62110.048035552,False
P0309,PK04,2,8,18,2,0.23712918660287077,3.3482000000000003,272960.8,194972.0,18667.289983680002,0,486600.08998368,False
P0310,PK04,6,10,9,6,0.5865071770334928,15.695,2990.3999999999996,2136.0,77.44434048000002,0,5203.84434048,False
P0311,PK04,1,1,2,0,0.9297767145135566,11.902700000000001,271054.0,193610.0,3732.8085444000003,0,468396.8085444,False
P0312,PK04,1,2,3,0,0.4967942583732057,7.0625,545554.7999999999,389682.0,12600.466449227999,0,947837.2664492279,False
P0313,PK04,12,34,131,12,0.35023923444976074,2.9863999999999997,1492.3999999999999,1066.0,142.39660032000003,0,2700.7966003199995,False
P0314,PK04,1,1,2,0,0.5888038277511961,10.4847,159902.4,114216.0,9876.721008527998,0,283995.12100852805,False
P0315,PK04,1,2,5,0,0.34835725677830937,5.0027,425440.39999999997,303886.0,8687.081506355998,0,738013.4815063559,False
P0316,PK05,6,14,343,6,0.4126,35.3562,31024.0,8725.5,30626.78590496,0,70376.28590496001,False
P0317,PK05,4,11,93,4,0.3602166666666667,51.7808,121344.0,34128.0,7115.0948778,0,162587.0948778,False
P0318,PK04,3,7,7,3,0.42186602870813394,10.4564,10270.4,7336.0,2852.2796983680005,0,20458.679698368003,False
P0319,PK04,1,1,6,0,0.6608612440191387,4.4022,76386.79999999999,54562.0,541.6870619160001,0,131490.48706191598,False
P0320,PK04,1,1,3,0,0.5935247208931419,7.4620999999999995,16164.4,11546.0,175.18757346000004,0,27885.58757346,False
P0321,PK04,4,15,21,4,0.26086124401913874,5.3404,21123.199999999997,15088.0,2598.325021512,0,38809.525021511996,False
P0322,PK04,3,7,9,3,0.399090909090909,8.2301,14137.199999999999,10098.0,624.992056416,0,24860.192056415995,False
P0323,PK04,10,29,17,10,0.33763955342902713,14.471,4289.599999999999,3064.0,498.76311492,0,7852.363114919999,False
P0324,PK04,1,1,1,0,0.905231259968102,22.415200000000002,42229.6,30164.0,469.62198878400005,0,72863.221988784,False
P0325,PK04,3,5,27,3,0.5042105263157894,3.3959,14114.8,10082.0,328.4585502720001,0,24525.258550272,False
P0326,PK04,3,5,11,3,0.5077511961722488,7.0622,10287.199999999999,7348.0,174.086405856,0,17809.286405855997,False
P0327,PK04,3,6,5,3,0.4924880382775119,14.3297,32776.799999999996,23412.0,1384.067080704,0,57572.867080703996,False
P0328,PK04,3,4,10,3,0.606267942583732,7.463299999999999,14039.199999999999,10028.0,1342.1548203840002,0,25409.354820383996,False
P0329,PK04,1,3,5,0,0.28776714513556617,5.3374999999999995,39289.6,28064.0,291.263234304,0,67644.86323430401,False
P0330,PK04,1,1,4,0,0.8737001594896332,5.8277,30794.399999999998,21996.0,817.7714672400001,0,53608.17146724,False
P0331,PK05,4,6,34,4,0.6244458333333334,98.9364,346880.0,97560.0,6979.57556994,0,451419.57556994,False
P0332,PK04,3,7,6,3,0.3885167464114832,12.6407,22831.199999999997,16308.0,431.52286086000004,0,39570.72286086,False
P0333,PK04,1,1,13,0,0.6807177033492822,2.5384,405062.0,289330.0,2843.12902068,0,697235.12902068,False
P0334,PK04,2,3,4,2,0.5220095693779904,10.909600000000001,32533.199999999997,23238.0,348.616847808,0,56119.816847808,False
P0335,PK04,1,1,5,0,0.56170653907496,5.413,160073.19999999998,114338.0,1000.2494048400001,0,275411.44940483995,False
P0336,PK04,2,5,4,2,0.3436363636363636,12.043000000000001,21159.6,15114.0,27.438437376,0,36301.038437375995,False
P0337,PK04,2,6,8,2,0.3304625199362041,6.3073999999999995,283715.6,202654.0,32729.506810704002,0,519099.106810704,False
P0338,PK04,1,2,2,0,0.4652791068580542,12.5455,84204.4,60146.0,2398.7965425239995,0,146749.196542524,False
P0339,PK04,1,1,2,0,0.5014673046251993,9.091800000000001,27773.199999999997,19838.0,1216.3947432,0,48827.594743199996,False
P0340,PK04,4,14,25,4,0.26992025518341306,4.5124,44769.2,31978.0,700.0443750960001,0,77447.244375096,False
P0341,PK04,8,19,21,8,0.41173843700159485,9.925600000000001,31194.8,22282.0,21820.107981,0,75296.907981,False
P0342,PK04,3,7,21,3,0.42459330143540663,4.0829,19566.399999999998,13976.0,2678.7192216000003,0,36221.11922159999,False
P0343,PK04,1,2,11,0,0.41511961722488033,2.827,65001.99999999999,46430.0,2102.4945187199996,0,113534.49451872,False
P0344,PK05,3,6,69,3,0.43900312500000005,51.969,105408.0,29646.0,1517.19602376,0,136571.19602376,False
P0345,PK04,1,2,6,0,0.40089314194577347,4.6450000000000005,84618.79999999999,60442.0,5818.052872248,0,150878.85287224798,False
P0346,PK05,6,11,63,6,0.5428750000000001,85.83959999999999,88512.0,24894.0,198.3703284,0,113604.3703284,False
P0347,PK04,10,26,17,10,0.3832535885167464,14.621000000000002,18964.399999999998,13546.0,421.73061084,0,32932.130610839995,False
P0348,PK04,1,1,4,0,0.710542264752791,6.521199999999999,84557.2,60398.0,924.5329629120001,0,145879.732962912,False
P0349,PK04,10,16,39,10,0.6140350877192982,6.811999999999999,10740.8,7672.0,1513.17725328,0,19925.977253279998,False
P0350,PK05,5,11,43,5,0.43453645833333343,98.926,36928.0,10386.0,1047.05062,0,48361.05062,False
P0351,PK04,1,2,7,1,0.3590111642743221,3.9245,9777.599999999999,6984.0,410.803936416,0,17172.403936415998,False
P0352,PK04,1,1,1,0,0.991913875598086,19.729,27714.399999999998,19796.0,599.6993113440001,0,48110.09931134399,False
P0353,PK04,1,2,4,0,0.4192344497607655,6.2139,42154.0,30110.0,416.9473819200001,0,72680.94738192,False
P0354,PK04,3,7,7,3,0.405645933014354,10.2824,6972.0,4980.0,588.1901351999999,0,12540.1901352,False
P0355,PK04,1,1,2,0,0.7315311004784688,11.334100000000001,26135.199999999997,18668.0,1756.7298877439996,0,46559.929887743994,False
P0356,PK04,4,16,19,4,0.24114832535885164,5.7703999999999995,21176.399999999998,15126.0,106.569795852,0,36408.969795852,False
P0357,PK04,6,13,24,6,0.45703349282296646,6.6872,14112.0,10080.0,642.067348032,0,24834.067348032,False
P0358,PK04,1,1,1,1,0.6155023923444976,13.549000000000001,17953.6,12824.0,13.109872608,0,30790.709872608,False
P0359,PK04,8,12,14,8,0.6272408293460925,14.2432,2615.2,1868.0,981.3756912960002,0,5464.5756912960005,False
P0360,PK04,3,5,14,3,0.5067942583732057,5.7520999999999995,6994.4,4996.0,305.597541216,0,12295.997541216,False
P0361,PK04,3,6,9,3,0.4557416267942584,8.5799,12040.0,8600.0,376.6920768,0,21016.692076799998,False
P0362,PK04,1,1,2,0,0.5530143540669856,10.4982,26208.0,18720.0,154.49930496,0,45082.49930496,False
P0363,PK04,3,10,16,3,0.27440191387559804,5.0428999999999995,53880.399999999994,38486.0,6277.101900624,0,98643.50190062399,False
P0364,PK04,10,20,32,10,0.4976076555023923,8.094000000000001,18872.0,13480.0,2652.6310656,0,35004.6310656,False
P0365,PK05,5,10,86,5,0.47485416666666674,61.432500000000005,70352.0,19786.5,5780.590712959999,0,95919.09071296,False
P0366,PK04,1,2,4,0,0.4922328548644338,6.3848,331203.6,236574.0,4519.333684944,0,572296.933684944,False
P0367,PK04,2,4,14,2,0.4192663476874003,4.192,21184.8,15132.0,5068.005989904001,0,41384.805989904,False
P0368,PK04,1,1,6,0,0.8797288676236044,4.7772,42445.2,30318.0,1281.282459192,0,74044.482459192,False
P0369,PK05,5,9,32,5,0.5012291666666667,122.942,22544.0,6340.5,661.1614086,0,29545.6614086,False
P0370,PK04,4,14,13,4,0.27955342902711316,7.8412,28092.399999999998,20066.0,13949.329057343999,0,62107.729057344,False
P0371,PK04,2,8,11,2,0.22341307814992023,4.891,12182.8,8702.0,182.97810266400003,0,21067.778102664,False
P0372,PK04,1,1,1,0,0.6068261562998404,14.1235,42246.399999999994,30176.0,147.31367961600003,0,72569.71367961599,False
P0373,PK04,3,10,15,3,0.29349282296650714,5.5592,58629.2,41878.0,35016.36220433999,0,135523.56220433998,False
P0374,PK04,14,29,17,20,0.4686762360446571,19.7686,3029.6,2164.0,2649.315158664,0,7842.915158664,False
P0375,PK05,5,10,35,5,0.4771458333333334,114.471,48320.0,13590.0,24.342710000000004,0,61934.34271,False
P0376,PK04,3,7,15,3,0.3977511961722487,5.5066999999999995,28142.8,20102.0,3594.521882484001,0,51839.321882484,False
P0377,PK04,1,3,6,0,0.310334928229665,4.4302,54961.2,39258.0,438.81296885999996,0,94658.01296886,False
P0378,PK04,3,5,4,3,0.5582775119617225,18.110300000000002,61406.799999999996,43862.0,3245.709367296,0,108514.50936729599,False
P0379,PK04,2,3,5,2,0.5746411483253588,9.098600000000001,21176.399999999998,15126.0,321.03556649999996,0,36623.4355665,False
P0380,PK04,4,13,18,4,0.30583732057416263,5.926,6921.599999999999,4944.0,419.57993574,0,12285.179935739998,False
P0381,PK04,12,19,59,12,0.6193301435406698,5.6384,16262.4,11616.0,14724.259257792,0,42602.659257792,False
P0382,PK04,6,14,12,6,0.4055502392344497,11.9678,29584.8,21132.0,25944.461082624,0,76661.261082624,False
P0383,PK04,8,21,11,8,0.37971291866028706,17.7624,9010.4,6436.0,2488.5883933679993,0,17934.988393368,False
P0384,PK04,16,25,29,16,0.6236682615629984,13.9776,10284.4,7346.0,1418.0379861120002,0,19048.437986112003,False
P0385,PK05,5,11,35,5,0.4186979166666667,114.97300000000001,27920.0,7852.5,1224.97642764,0,36997.47642764,False
P0386,PK04,1,1,3,0,0.5944019138755979,6.8532,32418.399999999998,23156.0,4163.180977704,0,59737.580977704,False
P0387,PK04,1,1,4,0,0.6630781499202552,6.7962,52127.6,37234.0,6970.730022804001,0,96332.330022804,False
P0388,PK04,1,1,4,0,0.9838755980861243,6.7753,126761.59999999999,90544.0,730.5901194240001,0,218036.190119424,False
P0389,PK04,12,22,17,12,0.5224880382775119,17.3852,3530.7999999999997,2522.0,1046.3473128479998,0,7099.147312847999,False
P0390,PK04,8,17,28,8,0.46226475279106854,7.642399999999999,10586.8,7562.0,8313.385598088002,0,26462.185598088,False
P0391,PK05,5,11,74,5,0.4389791666666667,67.5245,206416.0,58054.5,9135.8888553,0,273606.3888553,False
P0392,PK04,1,1,2,0,0.8675279106858053,9.2955,41812.399999999994,29866.0,328.266643656,0,72006.66664365599,False
P0393,PK04,1,1,3,0,0.7845295055821371,6.9087,512007.99999999994,365720.0,2734.3948156799997,0,880462.39481568,False
P0394,PK04,1,2,4,0,0.3709409888357257,6.0671,35932.399999999994,25666.0,1160.6832516,0,62759.083251599994,False
P0395,PK04,1,3,6,0,0.3278309409888357,4.3836,58343.6,41674.0,1451.877735516,0,101469.477735516,False
P0396,PK04,2,4,5,2,0.46813397129186596,9.4632,30634.8,21882.0,295.648052112,0,52812.448052112006,False
P0397,PK04,2,4,7,2,0.4318022328548644,7.1701999999999995,13910.4,9936.0,85.429251072,0,23931.829251072002,False
P0398,PK04,20,26,30,20,0.7524720893141945,16.354,4247.599999999999,3034.0,2568.9622391999997,0,9850.562239199999,False
P0399,PK04,4,13,41,4,0.28752791068580535,3.0984,21112.0,15080.0,172.99647489600002,0,36364.996474896,False
P0400,PK04,8,12,45,8,0.6504625199362041,5.0152,5303.2,3788.0,910.650594432,0,10001.850594432,False
P0401,PK04,3,4,9,3,0.6788995215311004,8.0615,28285.6,20204.0,3609.918422784,0,52099.518422784,False
P0402,PK04,24,36,46,24,0.655311004784689,13.162400000000002,677.5999999999999,484.0,58.336072079999994,0,1219.9360720799998,False
P0403,PK04,1,1,2,0,0.6597767145135566,10.4771,244563.19999999998,174688.0,2780.6322257280003,0,422031.83222572797,False
P0404,PK05,3,6,32,3,0.473165625,84.4194,68176.0,19174.5,521.64773584,0,87872.14773584,False
P0405,PK04,1,1,4,0,0.5461244019138756,5.6594999999999995,84761.59999999999,60544.0,570.97108992,0,145876.57108991998,False
P0406,PK04,1,3,5,0,0.2630462519936204,5.4576,29083.6,20774.0,933.20090292,0,50790.80090292,False
P0407,PK04,4,13,13,4,0.3048803827751196,7.7184,81188.79999999999,57992.0,21961.569472127998,0,161142.369472128,False
P0408,PK04,1,4,7,0,0.2440510366826156,3.8349,42378.0,30270.0,931.1993397000001,0,73579.1993397,False
P0409,PK04,64,117,115,64,0.5440510366826157,14.0736,1324.3999999999999,946.0,1004.485925472,0,3274.8859254719996,False
P0410,PK04,2,4,2,3,0.49550239234449756,18.0942,35921.2,25658.0,7583.197678848,0,69162.39767884799,False
P0411,PK04,21,48,27,28,0.42870813397129187,19.233800000000002,10855.599999999999,7754.0,10997.170584960002,0,29606.770584960002,False
P0412,PK04,3,6,10,3,0.44995215311004777,7.730299999999999,11925.199999999999,8518.0,343.63811616,0,20786.838116159997,False
P0413,PK04,3,3,3,3,0.8896650717703348,18.9932,52721.2,37658.0,7224.677794656,0,97603.877794656,False
P0414,PK04,3,6,7,3,0.4998086124401914,10.928,7733.599999999999,5524.0,509.539681728,0,13767.139681727998,False
P0415,PK04,1,2,13,0,0.4956618819776714,2.641,71842.4,51316.0,1500.015738096,0,124658.415738096,False
P0416,PK04,1,2,6,0,0.4603987240829346,4.2932,32351.199999999997,23108.0,345.88655208000006,0,55805.08655208,False
P0417,PK04,2,3,3,2,0.5308771929824562,16.0326,111966.4,79976.0,24469.041914100002,0,216411.4419141,False
P0418,PK04,2,9,13,2,0.2064433811802233,4.4452,40390.0,28850.0,269.6285238,0,69509.6285238,False
P0419,PK04,2,3,5,2,0.5215948963317384,10.139800000000001,156128.0,111520.0,6747.198652799999,0,274395.1986528,False
P0420,PK04,3,8,13,3,0.34397129186602865,5.9803999999999995,20518.399999999998,14656.0,1052.1674927400002,0,36226.567492739996,False
P0421,PK04,30,51,63,30,0.5808612440191387,12.173,12471.199999999999,8908.0,1224.1412332799998,0,22603.341233279996,False
P0422,PK04,1,1,7,0,0.5345614035087719,4.1022,9814.0,7010.0,93.62463467999999,0,16917.62463468,False
P0423,PK04,2,3,8,2,0.5301116427432216,6.226999999999999,3175.2,2268.0,325.09188059999997,0,5768.2918806,False
P0424,PK04,2,5,4,2,0.39145135566188194,10.619200000000001,61933.2,44238.0,13856.633172647998,0,120027.833172648,False
P0425,PK04,3,10,24,3,0.2816746411483253,3.7394,14095.199999999999,10068.0,3253.5146782799998,0,27416.714678279997,False
P0426,PK03,1,1,3,0,0.9341220238095238,12.105,18742.6,36276.0,195.865686975,0,55214.465686974996,True
P0427,PK02,1,1,1,0,0.8975390625000002,30.9301,100084.09090909091,176148.0,1893.9275684999998,0,278126.01847759093,True
P0428,PK04,2,3,2,3,0.5547687400318979,18.9114,79853.2,57038.0,719.0111597760001,0,137610.21115977602,False
P0429,PK04,8,14,19,8,0.5497926634768739,10.814400000000001,6932.799999999999,4952.0,1250.7264837599998,0,13135.526483759999,False
P0430,PK04,3,12,12,3,0.24645933014354068,6.3959,14170.8,10122.0,2818.194822432,0,27110.994822432,False
P0431,PK04,1,1,6,0,0.6661084529505581,4.3422,84347.2,60248.0,3813.9413199359997,0,148409.14131993602,False
P0432,PK04,10,19,30,10,0.5125996810207336,8.582,6504.4,4646.0,418.71312900000004,0,11569.113129,False
P0433,PK04,3,7,14,3,0.4072727272727273,5.6282,60754.399999999994,43396.0,11213.031512016001,0,115363.43151201599,False
P0434,PK05,5,10,38,5,0.4931927083333334,108.062,589824.0,165888.0,27387.42384171,0,783099.42384171,False
P0435,PK04,1,2,4,0,0.4528389154704944,5.670599999999999,42280.0,30200.0,106.357152,0,72586.357152,False
P0436,PK04,1,3,2,0,0.2795693779904306,9.3916,84551.59999999999,60394.0,12133.516480848,0,157079.11648084797,False
P0437,PK04,12,15,34,12,0.7948325358851672,9.044,7030.799999999999,5022.0,24755.858957712,0,36808.658957712,False
P0438,PK04,1,1,6,0,0.6627910685805422,4.738,35935.2,25668.0,120.05616635999999,0,61723.25616636,False
P0439,PK04,1,1,5,0,0.5294577352472088,4.8801,55249.6,39464.0,629.631387264,0,95343.23138726401,False
P0440,PK04,2,2,2,2,0.7145135566188197,18.5682,21257.6,15184.0,6782.8283627519995,0,43224.428362752,False
P0441,PK04,2,3,16,2,0.599298245614035,3.6588000000000003,30676.8,21912.0,405.286539984,0,52994.086539984004,False
P0442,PK04,1,1,3,0,0.5381020733652312,6.8374,84669.2,60478.0,168.790227408,0,145315.990227408,False
P0443,PK04,2,3,7,2,0.5398086124401914,7.5076,16195.199999999999,11568.0,465.91813555199997,0,28229.118135552,False
P0444,PK04,2,3,7,2,0.5823285486443381,6.979,17984.399999999998,12846.0,814.5584370000001,0,31644.958436999998,False
P0445,PK04,3,7,6,3,0.3971770334928229,11.4359,32345.6,23104.0,2954.3692464,0,58403.969246399996,False
P0446,PK04,4,10,17,4,0.3700797448165869,6.4068,10598.0,7570.0,126.52921699199997,0,18294.529216992,False
P0447,PK04,1,2,4,0,0.4632216905901116,5.7069,64962.799999999996,46402.0,1194.0561697199998,0,112558.85616971999,False
P0448,PK05,5,8,50,5,0.5855833333333333,88.8865,48256.0,13572.0,5440.4122032000005,0,67268.4122032,False
P0449,PK05,4,6,39,4,0.6271625,90.1524,111376.0,31324.5,891.47939958,0,143591.97939958,False
P0450,PK04,3,7,9,3,0.38832535885167463,8.460500000000001,36808.799999999996,26292.0,1146.570562368,0,64247.37056236799,False
P0451,PK04,3,7,7,3,0.3839234449760765,10.584800000000001,8702.4,6216.0,471.623123088,0,15390.023123088,False
P0452,PK04,3,7,11,3,0.41023923444976074,7.239199999999999,28268.8,20192.0,3699.1886555519995,0,52159.988655552006,False
P0453,PK04,5,15,11,5,0.32009569377990427,11.649500000000002,16951.2,12108.0,3827.4242429999995,0,32886.624243,False
P0454,PK04,11,31,14,16,0.34736842105263155,18.73,1327.1999999999998,948.0,24.428064480000003,0,2299.62806448,False
P0455,PK04,2,4,11,2,0.443444976076555,5.162,99800.4,71286.0,5332.910222304,0,176419.310222304,False
P0456,PK03,1,1,4,0,0.979702380952381,8.8798,151566.44,293354.39999999997,618.795904272,0,445539.63590427197,True
P0457,PK05,6,11,123,6,0.50738125,55.5402,39792.0,11191.5,872.47309643,0,51855.97309643,False
P0458,PK04,1,1,1,0,0.9618181818181817,18.3554,152698.0,109070.0,17888.55172182,0,279656.55172182,False
P0459,PK04,2,3,8,2,0.5867942583732056,6.593999999999999,21170.8,15122.0,16397.996696028,0,52690.796696028,False
P0460,PK04,2,4,8,2,0.46025518341307814,6.5872,35910.0,25650.0,10267.7721552,0,71827.7721552,False
P0461,PK04,3,5,4,3,0.5002392344497608,17.699900000000003,28210.0,20150.0,2259.617326848,0,50619.617326848,False
P0462,PK04,1,2,2,0,0.39629984051036676,9.5258,113985.2,81418.0,2928.8160069480004,0,198332.01600694802,False
P0463,PK04,2,3,4,2,0.5030940988835726,11.3978,18034.8,12882.0,31.56051096,0,30948.36051096,False
P0464,PK04,3,4,15,3,0.6377033492822965,5.4749,48717.2,34798.0,3913.9234992,0,87429.1234992,False
P0465,PK04,1,1,3,0,0.8706539074960127,7.0457,84666.4,60476.0,1501.5641677920003,0,146643.964167792,False
P0466,PK04,4,9,8,4,0.4121850079744816,12.3336,5345.2,3818.0,909.488621184,0,10072.688621184001,False
P0467,PK04,1,1,6,0,0.8985964912280702,4.4917,84417.2,60298.0,450.53893785599996,0,145165.73893785602,False
P0468,PK04,2,6,10,2,0.31792663476874,5.4482,49336.0,35240.0,819.4691313120001,0,85395.469131312,False
P0469,PK04,3,8,22,3,0.3740191387559808,3.9737,57150.799999999996,40822.0,738.15298464,0,98710.95298463998,False
P0470,PK04,1,2,5,0,0.49933014354066985,4.9769,184052.4,131466.0,19435.737818592,0,334954.137818592,False
P0471,PK04,15,63,18,45,0.23779904306220095,19.769,2385.6,1704.0,236.14100112,0,4325.74100112,False
P0472,PK04,1,2,5,0,0.340749601275917,5.1674999999999995,16158.8,11542.0,2377.8828630840003,0,30078.682863084,False
P0473,PK04,8,16,27,8,0.48191387559808607,7.8111999999999995,13773.199999999999,9838.0,1241.531935596,0,24852.731935596,False
P0474,PK04,1,3,5,0,0.30891547049441787,4.9473,30718.8,21942.0,1471.623039108,0,54132.423039108005,False
P0475,PK04,4,17,13,4,0.23215311004784686,7.7572,18944.8,13532.0,1083.195708984,0,33559.995708984,False
P0476,PK04,1,2,7,1,0.36076555023923446,4.1521,42280.0,30200.0,821.5531896,0,73301.5531896,False
P0477,PK04,1,2,6,0,0.36076555023923446,4.3474,42282.799999999996,30202.0,4633.120594859999,0,77117.92059485998,False
P0478,PK04,1,1,2,0,0.6078309409888356,9.5127,21448.0,15320.0,126.33613488,0,36894.33613488,False
P0479,PK04,2,3,18,2,0.542200956937799,3.3956,21137.199999999997,15098.0,3390.1336062000005,0,39625.333606199994,False
P0480,PK04,7,15,8,8,0.4623125996810207,19.473200000000002,4216.8,3012.0,1504.054667544,0,8732.854667544001,False
P0481,PK04,4,10,15,4,0.36950558213716106,7.002,48423.2,34588.0,628.4388263999999,0,83639.6388264,False
P0482,PK04,1,2,9,0,0.35945773524720886,3.3467000000000002,48686.399999999994,34776.0,182.469672,0,83644.869672,False
P0483,PK04,16,22,28,16,0.7257416267942584,14.228800000000001,11720.8,8372.0,961.96029456,0,21054.76029456,False
P0484,PK04,3,11,14,3,0.2511004784688995,5.6282,104487.59999999999,74634.0,87603.11399999999,0,266724.714,False
P0485,PK04,1,2,2,0,0.49301435406698557,9.092400000000001,84672.0,60480.0,4816.525472640002,0,149968.52547264,False
P0486,PK04,1,3,9,0,0.3014992025518341,3.2423,238775.59999999998,170554.0,639.42911802,0,409969.02911802,False
P0487,PK04,1,2,13,0,0.4336044657097288,2.5967000000000002,151088.0,107920.0,5355.82440576,0,264363.82440576,False
P0488,PK04,3,7,6,3,0.3935406698564593,11.3999,20563.199999999997,14688.0,14069.810045952,0,49321.010045951996,False
P0489,PK04,8,16,11,8,0.4940350877192982,17.54,28260.399999999998,20186.0,9930.185606328001,0,58376.58560632799,False
P0490,PK04,1,1,3,0,0.978676236044657,7.8224,21330.399999999998,15236.0,802.43684976,0,37368.836849759995,False
P0491,PK04,3,7,12,3,0.4096650717703349,6.3976999999999995,77711.2,55508.0,2709.6679649040007,0,135928.867964904,False
P0492,PK04,30,43,44,30,0.6947368421052631,17.015,9760.8,6972.0,5706.955900800001,0,22439.7559008,False
P0493,PK04,1,2,4,0,0.4429346092503987,5.749099999999999,140221.19999999998,100158.0,3914.3781610559995,0,244293.57816105598,False
P0494,PK04,2,7,36,2,0.2681658692185008,2.1204,134220.8,95872.0,6787.576535039999,0,236880.37653503998,False
P0495,PK04,4,11,13,4,0.3393301435406698,7.8656,59813.6,42724.0,52858.651640255994,0,155396.251640256,False
P0496,PK04,4,14,17,4,0.2822328548644338,6.359999999999999,70238.0,50170.0,23054.832820800002,0,143462.83282080002,False
P0497,PK04,3,12,9,3,0.23521531100478468,8.1263,21714.0,15510.0,9087.306487380001,0,46311.30648738,False
P0498,PK04,16,20,33,16,0.7854545454545454,12.1456,10567.199999999999,7548.0,23509.396076795998,0,41624.59607679599,False
P0499,PK04,1,3,4,0,0.31177033492822964,5.6197,113148.0,80820.0,1669.82589936,0,195637.82589936,False
P0500,PK04,1,2,5,0,0.43961722488038274,4.9322,35845.6,25604.0,613.1992598159999,0,62062.799259816,False
P0501,PK04,1,2,2,0,0.42264752791068577,11.1233,83465.2,59618.0,3368.8120288679993,0,146452.01202886802,False
P0502,PK04,3,7,11,3,0.37770334928229665,7.0937,28179.199999999997,20128.0,1248.9053644800001,0,49556.10536448,False
P0503,PK04,2,3,5,2,0.5785964912280701,9.215800000000002,42548.799999999996,30392.0,478.25823744,0,73419.05823743998,False
P0504,PK04,3,9,23,3,0.3013875598086124,3.8191999999999995,14106.4,10076.0,939.7398408960001,0,25122.139840896,False
P0505,PK04,1,2,14,0,0.40617224880382774,2.409,295442.0,211030.0,7741.076320499999,0,514213.0763205,False
P0506,PK04,8,21,22,8,0.374609250398724,9.168000000000001,10570.0,7550.0,1890.4441124399998,0,20010.44411244,False
P0507,PK04,1,4,16,0,0.20784688995215309,2.2636000000000003,159748.4,114106.0,599.620640064,0,274454.02064006403,False
P0508,PK04,1,1,1,0,0.9793939393939393,12.874500000000001,32401.6,23144.0,115.02827212800001,0,55660.628272128,False
P0509,PK04,3,10,12,3,0.2786602870813397,6.419,7114.799999999999,5082.0,202.44663331200002,0,12399.246633312,False
P0510,PK04,3,5,6,3,0.5465071770334927,11.4725,28156.8,20112.0,1510.707972672,0,49779.507972672,False
P0511,PK04,3,5,41,3,0.5677511961722487,2.525,51461.2,36758.0,13425.371427275997,0,101644.571427276,False
P0512,PK04,1,2,3,0,0.3967304625199362,6.878299999999999,55686.399999999994,39776.0,520.973399232,0,95983.37339923199,False
P0513,PK05,3,6,46,3,0.4686625,65.9154,161616.0,45454.5,2143.63846242,0,209214.13846242,False
P0514,PK04,3,7,8,3,0.40004784688995215,9.0173,28168.0,20120.0,167.07335832,0,48455.07335832,False
P0515,PK04,1,1,1,0,0.9395055821371611,21.3898,153056.4,109326.0,8716.677209604,0,271099.07720960403,False
P0516,PK04,2,4,19,2,0.47655502392344495,3.2140000000000004,21128.8,15092.0,397.4415258479999,0,36618.241525848,False
P0517,PK04,1,3,8,0,0.2959808612440191,3.6275000000000004,35946.399999999994,25676.0,202.61722420800004,0,61825.01722420799,False
P0518,PK04,2,4,4,2,0.4981818181818181,11.9814,107797.2,76998.0,167.5168488,0,184962.71684880002,False
P0519,PK04,2,4,11,2,0.4245614035087719,5.016,35952.0,25680.0,1869.2997235199996,0,63501.29972352,False
P0520,PK04,20,32,57,20,0.6175438596491227,9.196000000000002,896.0,640.0,77.45761680000001,0,1613.4576168,False
P0521,PK04,4,15,12,4,0.2614354066985646,8.4564,65197.99999999999,46570.0,24826.38655068,0,136594.38655068,False
P0522,PK05,4,7,28,4,0.543975,116.178,290176.0,81612.0,10859.183904000001,0,382647.183904,False
P0523,PK04,30,34,46,30,0.8674641148325358,16.301000000000002,1416.8,1012.0,3336.7524773759997,0,5765.552477376,False
P0524,PK04,48,88,110,48,0.5443062200956938,11.216000000000001,890.4,636.0,799.9803938880001,0,2326.380393888,False
P0525,PK04,1,1,5,0,0.8120574162679426,4.9658,26157.6,18684.0,972.1861788240002,0,45813.786178824,False
P0526,PK04,1,1,7,0,0.8344816586921849,3.9252000000000002,21053.199999999997,15038.0,295.896590496,0,36387.096590495996,False
P0527,PK04,1,1,5,0,0.9527272727272726,5.4853,84520.79999999999,60372.0,3855.285888479999,0,148748.08588847998,False
P0528,PK04,1,1,3,0,0.7947527910685804,7.1977,30769.199999999997,21978.0,222.31599746400005,0,52969.515997464,False
P0529,PK04,1,1,2,0,0.504896331738437,9.5638,299446.0,213890.0,24718.812142079994,0,538054.81214208,False
P0530,PK05,1,4,39,0,0.225665625,40.3153,240880.0,67747.5,2761.4693969999994,0,311388.969397,False
P0531,PK04,1,2,11,0,0.3760765550239234,2.8148,77873.59999999999,55624.0,1754.6837770559998,0,135252.28377705597,False
P0532,PK04,4,10,13,4,0.3765231259968102,7.7467999999999995,51284.799999999996,36632.0,12891.71472648,0,100808.51472647999,False
P0533,PK04,3,5,5,3,0.5765071770334927,13.802300000000002,7702.799999999999,5502.0,276.53683629600005,0,13481.336836296,False
P0534,PK04,1,1,1,0,0.7314354066985645,14.373600000000001,265577.2,189698.0,1575.8759190239998,0,456851.075919024,False
P0535,PK04,3,7,23,3,0.4019617224880383,3.8678,46264.399999999994,33046.0,149307.38135039998,0,228617.78135039998,False
P0536,PK04,1,2,7,0,0.370127591706539,3.9926000000000004,42408.799999999996,30292.0,2649.368733168,0,75350.16873316799,False
P0537,PK04,3,7,10,3,0.389712918660287,7.678400000000001,82376.0,58840.0,1027.8092354399998,0,142243.80923544,False
P0538,PK04,2,3,13,2,0.5450398724082934,4.3168,9002.0,6430.0,52.8746616,0,15484.8746616,False
P0539,PK04,3,7,10,3,0.4084210526315789,7.9037,25242.0,18030.0,11043.1274481,0,54315.1274481,False
P0540,PK04,3,7,23,3,0.4193301435406698,3.9203,14098.0,10070.0,1061.5762773000001,0,25229.5762773,False
P0541,PK04,1,2,8,1,0.3841307814992025,3.5393999999999997,203865.19999999998,145618.0,9612.839466384,0,359096.039466384,False
P0542,PK04,3,9,12,3,0.30473684210526314,6.4787,8131.2,5808.0,708.17536452,0,14647.375364520001,False
P0543,PK04,1,1,5,0,0.8969218500797448,4.956799999999999,27703.199999999997,19788.0,86.60364631200001,0,47577.803646312,False
P0544,PK04,1,1,4,0,0.5259170653907496,6.1109,148738.8,106242.0,18126.666665856003,0,273107.466665856,False
P0545,PK04,3,5,8,3,0.543444976076555,9.1463,94917.2,67798.0,6114.231101880001,0,168829.43110188,False
P0546,PK04,2,4,4,2,0.4645614035087719,11.1628,94796.79999999999,67712.0,3401.7203312639995,0,165910.52033126398,False
P0547,PK04,13,21,17,16,0.5983732057416268,19.113100000000003,27624.8,19732.0,15915.196868928002,0,63271.99686892801,False
P0548,PK04,3,7,18,3,0.3770813397129187,4.7435,28092.399999999998,20066.0,1127.268327276,0,49285.66832727599,False
P0549,PK04,2,2,5,2,0.8783094098883572,9.405800000000001,174644.4,124746.0,415.68377166,0,299806.08377166005,False
P0550,PK04,3,11,5,3,0.26043062200956935,14.3366,57965.6,41404.0,13299.703260479999,0,112669.30326048001,False
P0551,PK04,3,4,8,3,0.7040191387559808,9.220400000000001,82586.0,58990.0,3417.4817404559994,0,144993.481740456,False
P0552,PK04,2,8,19,2,0.24175438596491225,3.2258000000000004,143096.8,102212.0,16668.481518480003,0,261977.28151847998,False
P0553,PK04,2,4,10,2,0.4386602870813397,5.2458,21095.199999999997,15068.0,42.569940192000004,0,36205.769940191996,False
P0554,PK04,2,4,5,2,0.4823923444976076,9.502400000000002,42243.6,30174.0,494.629126992,0,72912.22912699201,False
P0555,PK05,4,9,150,4,0.40045000000000003,41.3296,241600.0,67950.0,2410.2583344,0,311960.2583344,False
P0556,PK04,1,2,7,0,0.4745454545454545,4.0767,250815.59999999998,179154.0,216.29298250799994,0,430185.892982508,False
P0557,PK04,1,2,5,0,0.4122966507177033,5.2751,21375.199999999997,15268.0,45.661457952000006,0,36688.861457952,False
P0558,PK04,3,5,15,3,0.5627272727272727,5.3987,65225.99999999999,46590.0,10089.943746480001,0,121905.94374648,False
P0559,PK04,2,5,8,2,0.3582456140350877,6.4308,170004.8,121432.0,3747.670066188001,0,295184.47006618796,False
P0560,PK04,1,1,2,0,0.5234130781499202,9.6172,83216.0,59440.0,13132.218765119998,0,155788.21876512,False
P0561,PK04,2,3,4,2,0.6657735247208931,11.975200000000001,129583.99999999999,92560.0,1891.93158336,0,224035.93158336,False
P0562,PK04,1,2,9,0,0.42953748006379583,3.4557,42431.2,30308.0,734.9045045759999,0,73474.104504576,False
P0563,PK04,1,2,1,0,0.4340510366826156,15.456800000000001,42338.799999999996,30242.0,39891.595101888,0,112472.39510188799,False
P0564,PK04,2,6,5,2,0.33234449760765544,9.5022,50293.6,35924.0,2465.8285330559997,0,88683.42853305601,False
P0565,PK04,1,1,4,0,0.8626794258373205,6.3069999999999995,16164.4,11546.0,1225.444501008,0,28935.844501008003,False
P0566,PK04,6,12,9,6,0.485645933014354,16.1246,8128.4,5806.0,37.782489096,0,13972.182489096,False
P0567,PK04,2,4,22,2,0.48165869218500795,2.9665999999999997,97308.4,69506.0,3488.62776636,0,170303.02776636,False
P0568,PK04,1,1,3,0,0.5777671451355662,7.2622,39054.399999999994,27896.0,2060.583175728,0,69010.98317572799,False
P0569,PK04,3,7,17,3,0.39808612440191377,4.8469999999999995,90493.2,64638.0,49011.88803696,0,204143.08803696002,False
P0570,PK04,4,11,20,4,0.36082934609250394,5.4388,21128.8,15092.0,1214.275129056,0,37435.075129056,False
P0571,PK04,8,14,19,8,0.5381818181818182,10.583200000000001,9433.199999999999,6738.0,623.8737947520001,0,16795.073794752,False
P0572,PK05,4,6,46,4,0.5763458333333333,79.7332,29984.0,8433.0,1236.6070302100002,0,39653.60703021,False
P0573,PK04,8,24,10,16,0.32497607655502386,19.1352,2027.1999999999998,1448.0,196.54214361599998,0,3671.742143616,False
P0574,PK04,3,8,6,3,0.3418181818181818,12.5843,76011.59999999999,54294.0,3974.0162106600005,0,134279.61621066,False
P0575,PK04,1,1,4,0,0.6130143540669856,6.7063,46320.399999999994,33086.0,4776.625290624001,0,84183.02529062399,False
P0576,PK04,3,8,21,3,0.3538277511961722,4.1147,14086.8,10062.0,541.4158411200001,0,24690.21584112,False
P0577,PK04,4,11,8,4,0.3538118022328548,11.9168,6924.4,4946.0,586.2768264,0,12456.6768264,False
P0578,PK04,2,4,6,2,0.4971929824561403,7.9528,129357.2,92398.0,14729.459624064002,0,236484.65962406402,False
P0579,PK04,3,5,7,3,0.5499999999999999,9.896,163024.4,116446.0,3591.5338960799995,0,283061.93389608,False
P0580,PK04,1,1,5,0,0.5063317384370015,5.5465,55518.399999999994,39656.0,13961.361630432,0,109135.761630432,False
P0581,PK04,30,43,54,30,0.6856459330143541,13.955,5367.599999999999,3834.0,1873.5285254399998,0,11075.128525439999,False
P0582,PK04,1,2,9,0,0.45334928229665067,3.3392,27680.8,19772.0,1424.6214368400001,0,48877.421436840006,False
P0583,PK04,10,17,66,10,0.5854864433811802,4.391,24015.6,17154.0,957.8736812159999,0,42127.473681216,False
P0584,PK04,3,9,21,3,0.3127751196172249,4.0901,23931.6,17094.0,256.409280528,0,41282.009280528,False
P0585,PK04,3,10,18,3,0.2976076555023923,4.6903999999999995,154669.19999999998,110478.0,11173.584064032002,0,276320.78406403196,False
P0586,PK04,3,6,6,3,0.45038277511961716,11.2073,36268.399999999994,25906.0,1513.286486712,0,63687.686486711995,False
P0587,PK04,2,3,2,2,0.6441148325358851,19.5836,7291.2,5208.0,100.95478848,0,12600.15478848,False
P0588,PK04,4,13,12,4,0.2981180223285486,8.2612,71492.4,51066.0,1335.366912384,0,123893.76691238399,False
P0589,PK04,120,161,261,120,0.7444976076555023,11.828,543.1999999999999,388.0,1546.175947008,0,2477.375947008,False
P0590,PK04,2,3,8,2,0.5142902711323764,6.433,21162.399999999998,15116.0,1708.3601783999998,0,37986.76017839999,False
P0591,PK05,5,10,32,5,0.49591145833333333,122.7945,96672.0,27189.0,1385.050821,0,125246.050821,False
P0592,PK04,1,2,3,0,0.39776714513556616,8.5074,61434.799999999996,43882.0,6555.835731204001,0,111872.63573120399,False
P0593,PK04,3,4,7,3,0.6127272727272727,10.1453,35512.399999999994,25366.0,590.616669168,0,61469.01666916799,False
P0594,PK04,2,4,8,2,0.4446251993620414,6.4246,21193.199999999997,15138.0,1860.3834200639997,0,38191.583420063995,False
P0595,PK04,2,5,7,2,0.398341307814992,6.899,87682.0,62630.0,1619.12178288,0,151931.12178287999,False
P0596,PK04,2,4,15,2,0.47113237639553424,3.8937999999999997,21193.199999999997,15138.0,678.7672992,0,37009.9672992,False
P0597,PK04,2,3,6,2,0.5737799043062201,8.4918,35823.2,25588.0,7555.884904944,0,68967.084904944,False
P0598,PK04,3,6,15,3,0.4415311004784689,5.4626,14086.8,10062.0,1316.2439505600003,0,25465.04395056,False
P0599,PK04,2,3,7,2,0.5581180223285486,7.4642,32563.999999999996,23260.0,1692.4645800719998,0,57516.464580072,False
