route_id,frequency_per_week,suppliers,n_stops,route_km,load_weight_kg,load_cube_m3,pallet_positions_used,weight_utilization,cube_utilization,pallet_position_utilization,route_duration_h,vehicle_id,feasible
B000,10.0,S000,1,274.8,8126.683864600001,74.9798136,28,0.3386118276916667,0.83310904,0.8484848484848485,5.57969696969697,V03,True
B001,3.0,S001,1,188.4,5637.300703333333,38.657579999999996,15,0.23488752930555556,0.4295286666666666,0.45454545454545453,4.025454545454545,V03,True
B002,3.0,S002,1,277.4,1373.9131220000002,27.119422,10,0.05724638008333334,0.3013269111111111,0.30303030303030304,5.3603030303030295,V03,True
B003,25.0,S003,1,460.4,4290.45941544,80.47989048000001,30,0.17876914231000002,0.8942210053333335,0.9090909090909091,8.837575757575758,V03,True
B004,5.0,S004,1,120.8,10314.1047664,57.65465640000001,22,0.42975436526666666,0.6406072933333334,0.6666666666666666,2.5796969696969696,V03,True
B005,3.0,S005,1,449.6,3624.10025,21.562948000000002,8,0.15100417708333333,0.23958831111111115,0.24242424242424243,8.541212121212123,V03,True
B006,10.0,S006,1,319.6,5569.7116909999995,74.374434,28,0.2320713204583333,0.8263826,0.8484848484848485,6.010909090909092,V03,True
B007,3.0,S007,1,263.4,4623.490029333333,48.54484800000001,18,0.19264541788888886,0.5393872000000001,0.5454545454545454,5.239090909090909,V03,True
B008,7.5,S008,1,194.6,1701.3300837333334,56.18232,21,0.07088875348888889,0.6242479999999999,0.6363636363636364,3.9548484848484846,V03,True
B009,20.0,S009,1,520.0,5559.753823,67.2198891,25,0.23165640929166667,0.7468876566666667,0.7575757575757576,9.921212121212122,V03,True
B010,3.0,S010,1,345.2,4417.671238666667,48.995886000000006,18,0.18406963494444445,0.5443987333333334,0.5454545454545454,6.793030303030303,V03,True
B011,3.0,S011,1,236.8,5029.857008000001,72.31605400000001,27,0.20957737533333337,0.8035117111111112,0.8181818181818182,4.555454545454546,V03,True
B012,25.0,S012,1,115.2,2859.12745416,77.90594664000001,29,0.11913031059,0.8656216293333334,0.8787878787878788,2.427878787878788,V03,True
B013,5.0,S013,1,194.8,5213.1889,58.44096,22,0.21721620416666668,0.6493439999999999,0.6666666666666666,3.991818181818182,V03,True
B014,3.0,S014,1,90.0,3188.4200800000003,24.936208000000004,10,0.1328508366666667,0.27706897777777784,0.30303030303030304,2.01969696969697,V03,True
B015,7.5,S015,1,520.0,3176.041098133333,71.4793664,27,0.13233504575555555,0.7942151822222223,0.8181818181818182,9.837878787878788,V03,True
B016,15.0,S016,1,117.4,3245.2514807999996,79.0148652,29,0.1352188117,0.8779429466666667,0.8787878787878788,2.584545454545455,V03,True
B017,3.0,S017,1,241.8,9614.001282,80.15285200000001,30,0.40058338675,0.8905872444444446,0.9090909090909091,4.6463636363636365,V03,True
B018,5.0,S018,1,233.0,6407.4245888,50.8695132,19,0.2669760245333333,0.5652168133333333,0.5757575757575758,4.636363636363637,V03,True
B019,7.5,S019,1,372.0,7084.644513866667,68.5914776,26,0.2951935214111111,0.7621275288888889,0.7878787878787878,7.113636363636363,V03,True
B020,10.0,S020,1,98.2,5846.073543200001,63.54050399999999,24,0.24358639763333337,0.7060055999999999,0.7272727272727273,2.352121212121212,V03,True
B021,5.0,S021,1,431.4,7031.1004596,65.594232,25,0.29296251915,0.7288248,0.7575757575757576,8.060303030303029,V03,True
B022,7.5,S022,1,203.0,7869.424608,66.44128400000001,25,0.327892692,0.738236488888889,0.7575757575757576,4.024242424242424,V03,True
B023,15.0,S023,1,200.2,6046.181350266666,74.9630884,28,0.2519242229277778,0.8329232044444445,0.8484848484848485,3.973333333333333,V03,True
B024,7.5,S024,1,273.4,5209.527457333334,66.5207992,25,0.21706364405555556,0.7391199911111112,0.7575757575757576,5.304242424242424,V03,True
B025,5.0,S025,1,119.0,7236.1968384,69.9483708,26,0.3015082016,0.77720412,0.7878787878787878,2.58030303030303,V03,True
B026,7.5,S026,1,238.6,3377.381605333333,54.0787136,20,0.14072423355555555,0.6008745955555556,0.6060606060606061,4.904848484848484,V03,True
B027,10.0,S027,1,112.2,6639.0975748,79.3714968,30,0.27662906561666667,0.88190552,0.9090909090909091,2.64,V03,True
B028,3.0,S028,1,385.8,2429.9330600000003,22.953634,9,0.10124721083333335,0.25504037777777777,0.2727272727272727,7.447878787878788,V03,True
B029,15.0,S029,1,520.0,6416.283300266667,67.98125280000001,25,0.2673451375111111,0.7553472533333334,0.7575757575757576,9.804545454545455,V03,True
B030,3.0,S030,1,222.8,9484.655899333333,73.380246,27,0.39519399580555553,0.8153360666666667,0.8181818181818182,4.667575757575758,V03,True
B031,3.0,S031,1,389.8,9092.786852000001,67.613172,25,0.3788661188333334,0.7512574666666667,0.7575757575757576,7.670606060606061,V03,True
B032,5.0,S032,1,432.4,5621.172812,75.22007640000001,28,0.23421553383333332,0.8357786266666668,0.8484848484848485,8.128484848484849,V03,True
B033,10.0,S033,1,261.8,4595.821415,64.3803408,24,0.19149255895833334,0.7153371199999999,0.7272727272727273,5.026666666666666,V03,True
B034,5.0,S034,1,272.6,4887.1920968,62.91193680000001,24,0.20363300403333334,0.6990215200000001,0.7272727272727273,5.273030303030303,V03,True
B035,3.0,S035,1,292.0,1939.091272,25.849923999999998,10,0.08079546966666666,0.28722137777777773,0.30303030303030304,5.525757575757576,V03,True
B036,3.0,S036,1,520.0,5954.660910666667,71.97416600000001,27,0.2481108712777778,0.7997129555555557,0.8181818181818182,9.854545454545455,V03,True
B037,3.0,S037,1,142.6,237.60701466666666,1.9023180000000002,1,0.009900292277777778,0.021136866666666667,0.030303030303030304,2.9927272727272727,V03,True
B038,3.0,S038,1,260.0,1279.5340013333332,15.04725,6,0.053313916722222215,0.16719166666666666,0.18181818181818182,5.3106060606060606,V03,True
B039,3.0,S039,1,520.0,6880.594556666666,74.000212,28,0.28669143986111106,0.8222245777777778,0.8484848484848485,9.671212121212122,V03,True
B040,12.5,S040,1,230.2,5690.65684176,73.33991952,27,0.23711070174,0.8148879946666666,0.8181818181818182,4.468787878787879,V03,True
B041,3.0,S041,1,469.0,2371.500466666667,19.482562,8,0.09881251944444445,0.21647291111111114,0.24242424242424243,8.827272727272728,V03,True
B042,3.0,S042,1,226.4,1589.8283119999999,24.009502,9,0.06624284633333333,0.2667722444444445,0.2727272727272727,4.333030303030303,V03,True
B043,7.5,S043,1,97.8,6664.939172799999,55.99787520000001,21,0.27770579886666663,0.6221986133333335,0.6363636363636364,2.078181818181818,V03,True
B044,5.0,S044,1,149.8,7779.394126,49.5500544,19,0.32414142191666667,0.55055616,0.5757575757575758,3.2236363636363636,V03,True
B045,5.0,S045,1,520.0,3727.33028,61.895684400000015,23,0.15530542833333333,0.6877298266666668,0.696969696969697,9.837878787878788,V03,True
B046,3.0,S046,1,202.6,6280.5686786666665,43.869518,17,0.2616903616111111,0.48743908888888887,0.5151515151515151,4.266969696969697,V03,True
B047,3.0,S047,1,266.6,2754.133566,28.426090000000002,11,0.11475556525,0.31584544444444446,0.3333333333333333,5.197272727272727,V03,True
B048,5.0,S048,1,116.2,4539.863566000001,52.959178800000004,20,0.1891609819166667,0.5884353200000001,0.6060606060606061,2.496060606060606,V03,True
B049,3.0,S049,1,86.0,4423.953564666667,46.772110000000005,18,0.1843313985277778,0.5196901111111112,0.5454545454545454,1.946969696969697,V03,True
B050,7.5,S050,1,74.8,2978.1048306666667,73.2933824,27,0.12408770127777778,0.8143709155555555,0.8181818181818182,1.71,V03,True
B051,3.0,S051,1,520.0,1362.6232286666668,11.482460000000001,5,0.05677596786111112,0.1275828888888889,0.15151515151515152,9.737878787878788,V03,True
B052,3.0,S052,1,446.2,1039.4423720000002,14.386724000000001,6,0.043310098833333345,0.1598524888888889,0.18181818181818182,8.32939393939394,V03,True
B053,5.0,S053,1,163.2,6591.1056896,73.3972308,27,0.27462940373333333,0.8155247866666667,0.8181818181818182,3.2006060606060607,V03,True
B054,3.0,S054,1,127.4,7268.561952666667,77.990858,29,0.3028567480277778,0.866565088888889,0.8787878787878788,2.8163636363636364,V03,True
B055,7.5,S055,1,198.8,5133.844675733333,59.574753599999994,22,0.2139101948222222,0.6619417066666666,0.6666666666666666,3.897878787878788,V03,True
B056,41.0,S056,1,205.8,5557.653143121952,79.08377224390244,29,0.23156888096341466,0.878708580487805,0.8787878787878788,4.258484848484849,V03,True
B057,3.0,S057,1,150.4,56.625168,1.3819080000000001,1,0.002359382,0.015354533333333335,0.030303030303030304,3.017878787878788,V03,True
B058,3.0,S058,1,520.0,5461.306301333333,62.40113000000001,23,0.22755442922222222,0.693345888888889,0.696969696969697,9.837878787878788,V03,True
B059,5.0,S059,1,227.2,5552.9515587999995,49.12245720000001,19,0.23137298161666664,0.54580508,0.5757575757575758,4.347575757575758,V03,True
