fill_rate,critical_fill_rate,stockout_events,critical_stockout_days,premium_freight_events,premium_freight_cost_eur,line_stop_events,line_stop_hours,line_stop_cost_eur,p95_shortage_duration_days,total_disruption_cost_eur,scenario,policy
0.9987248908644552,1.0,1157,10,462,270097.26477854035,0,0.0,0.0,2.0,270097.26477854035,nominal,Nominal joint
0.9985532784790655,0.9997931357956419,1189,8,420,241216.564136765,1,1.3387185316716295,24096.93357008933,2.0,265313.4977068543,nominal,Nominal joint
0.9988834669558201,1.0,1063,12,391,230503.58789722252,0,0.0,0.0,2.0,230503.58789722252,nominal,Nominal joint
0.998639140668175,0.999386745932073,1121,8,437,278502.7466974519,2,3.8252836607779375,68855.10589400287,2.0,347357.8525914548,nominal,Nominal joint
0.9989623771959125,0.9999866387171725,801,7,297,183274.560253335,1,1.4197210185889428,25554.97833460097,2.0,208829.53858793597,nominal,Nominal joint
0.9990815455075451,1.0,793,8,296,175623.25460076594,0,0.0,0.0,2.0,175623.25460076594,nominal,Nominal joint
0.9988690976933242,0.9997928925499759,998,6,389,235127.10480678277,1,1.3250339834444724,23850.611702000504,2.0,258977.71650878328,nominal,Nominal joint
0.9987815526652157,0.9999893615410734,1123,13,437,256967.38820148457,1,1.1924238183573503,21463.628730432305,2.0,278431.0169319169,nominal,Nominal joint
0.9988329780237152,0.9999720457679326,1004,8,385,231873.00157396772,1,2.727345340285445,49092.21612513801,2.0,280965.21769910573,nominal,Nominal joint
0.9986084034047178,1.0,1289,12,556,351071.5331888915,0,0.0,0.0,2.0,351071.5331888915,nominal,Nominal joint
0.9988594190014112,0.9998792675661232,1025,11,403,240734.8428896193,4,2.7369167724687795,49264.50190443803,2.0,289999.3447940573,nominal,Nominal joint
0.9984666663699507,1.0,1133,10,420,254443.28583258967,0,0.0,0.0,2.0,254443.28583258967,nominal,Nominal joint
0.9986950684665451,0.9996233792190335,1226,12,491,313616.14016811195,1,2.2361619726055944,40250.915506900696,2.0,353867.05567501264,nominal,Nominal joint
0.9993850563748079,0.9999970861801396,665,7,254,153143.20194073225,1,0.5075271754694851,9135.489158450731,2.0,162278.691099183,nominal,Nominal joint
0.9990325157065771,1.0,934,9,370,241344.7876178015,0,0.0,0.0,2.0,241344.7876178015,nominal,Nominal joint
0.9985856865044386,0.9999476877164777,1175,8,425,264331.46097988094,1,0.9486080702417473,17074.945264351452,2.0,281406.4062442324,nominal,Nominal joint
0.9984198138767671,1.0,1317,6,488,307500.54074932507,0,0.0,0.0,2.0,307500.54074932507,nominal,Nominal joint
0.9986301080438377,1.0,1135,11,446,267662.43387813633,0,0.0,0.0,2.0,267662.43387813633,nominal,Nominal joint
0.9985550282041483,1.0,1130,8,392,241103.68876783742,0,0.0,0.0,2.0,241103.68876783742,nominal,Nominal joint
0.9988040522957926,1.0,1040,9,364,218259.28039832824,0,0.0,0.0,2.0,218259.28039832824,nominal,Nominal joint
0.998707637300053,1.0,1057,6,352,216925.05447047282,0,0.0,0.0,2.0,216925.05447047282,nominal,Nominal joint
0.9986321156013322,0.9995103494299021,1088,10,390,238255.43787593165,3,4.270131793864004,76862.37228955208,2.0,315117.81016548374,nominal,Nominal joint
0.9988823841739093,1.0,979,11,393,235674.85632512515,0,0.0,0.0,2.0,235674.85632512515,nominal,Nominal joint
0.9987571660934712,1.0,1049,12,386,239352.88547895086,0,0.0,0.0,2.0,239352.88547895086,nominal,Nominal joint
0.9987588978847096,0.9999616365204287,1052,8,387,237375.02907567774,1,1.4539143438569506,26170.45818942511,2.0,263545.48726510286,nominal,Nominal joint
0.9987521050765331,0.9999757198467291,996,7,358,228902.13514312493,3,2.8991222959505873,52184.20132711057,2.0,281086.3364702355,correlated,Nominal joint
0.9983254847820328,0.9998677080587157,1396,12,548,330997.04162866244,3,2.5965354857326863,46737.63874318835,2.0,377734.6803718508,correlated,Nominal joint
0.9985295243229713,0.9999164242683628,1222,8,466,298876.20241759863,2,3.080589107222123,55450.60392999821,2.0,354326.8063475968,correlated,Nominal joint
0.9987937871828347,0.9999989729021393,1069,13,410,247491.82988864573,1,0.28220197850083445,5079.63561301502,2.0,252571.46550166074,correlated,Nominal joint
0.9987492884813024,1.0,1082,8,439,267625.65604370896,0,0.0,0.0,2.0,267625.65604370896,correlated,Nominal joint
0.9988959910720246,0.9999420609397252,950,10,396,242817.7219803958,3,3.4440355330476455,61992.639594857625,2.0,304810.3615752534,correlated,Nominal joint
0.9984696845448497,0.9999748980114356,1152,10,424,256915.68002882067,2,2.310339716869175,41586.114903645146,2.0,298501.7949324658,correlated,Nominal joint
0.9984354187666081,0.99995893454225,1158,10,438,267145.3253634274,1,0.4651511877861062,8372.721380149911,2.0,275518.0467435773,correlated,Nominal joint
0.9985794298462773,1.0,1030,5,346,214037.841431357,0,0.0,0.0,2.0,214037.841431357,correlated,Nominal joint
0.9986250882387689,0.9998558616097728,1215,11,445,279793.7253727225,1,1.0094265641805866,18169.67815525056,2.0,297963.40352797305,correlated,Nominal joint
0.998665092427364,0.999893509414219,1161,8,415,244768.0552163192,1,0.809877212117699,14577.789818118583,2.0,259345.84503443778,correlated,Nominal joint
0.9985679119349794,1.0,1186,10,408,258411.5301146939,0,0.0,0.0,2.0,258411.5301146939,correlated,Nominal joint
0.9983589176981913,0.9999193383935707,1422,8,567,363663.4013520798,1,1.5260649334997574,27469.16880299563,2.0,391132.57015507546,correlated,Nominal joint
0.9987135832922417,0.9999851587491531,1025,7,372,226412.87631208936,2,0.9597602572199879,17275.684629959782,2.0,243688.56094204914,correlated,Nominal joint
0.9988407542234395,0.9999383203143174,1060,8,428,258595.15580084248,1,0.5727047498315847,10308.685496968525,2.0,268903.841297811,correlated,Nominal joint
0.9987938172807796,0.999825056259374,1035,11,383,226611.13277780983,3,2.754094436569639,49573.6998582535,2.0,276184.83263606334,correlated,Nominal joint
0.9989173579696936,0.9999581022511432,929,11,393,239098.17766473835,2,2.0099649696613238,36179.369453903826,2.0,275277.5471186422,correlated,Nominal joint
0.9988578831253857,0.9997550696955815,997,13,391,242041.1998899242,3,3.370754573404081,60673.582321273454,2.0,302714.78221119766,correlated,Nominal joint
0.9986063715222898,1.0,1146,11,446,271827.53610674624,0,0.0,0.0,2.0,271827.53610674624,correlated,Nominal joint
0.9985385999646309,0.9999955508931513,1214,11,468,283691.7614295486,1,0.3899517082639963,7019.130748751933,2.0,290710.89217830054,correlated,Nominal joint
0.9987347004510222,0.9999997097634937,1093,8,417,256973.4923482817,1,0.25912450453314867,4664.241081596676,2.0,261637.73342987837,correlated,Nominal joint
0.9987607635750512,0.9999577439815703,1049,11,371,215158.14930620894,2,1.6551701168189408,29793.062102740932,2.0,244951.21140894986,correlated,Nominal joint
0.9987648475477311,1.0,1099,8,428,262454.16869609396,0,0.0,0.0,2.0,262454.16869609396,correlated,Nominal joint
0.9988622746816693,0.9997175160646266,980,5,331,193304.5790291652,1,1.7350271298782611,31230.4883378087,2.0,224535.0673669739,correlated,Nominal joint
0.9985715806879065,0.9998685789115113,1193,9,409,252444.2711504329,2,2.404543162355507,43281.776922399134,2.0,295726.04807283205,correlated,Nominal joint
0.9963687255588746,0.9998641874832161,3270,24,1478,895301.5676455282,4,6.767782873871187,121820.09172968139,3.0,1017121.6593752096,demand10,Nominal joint
0.9964808209184524,0.9999145545008277,3397,20,1568,975643.0549456577,3,3.107088418571216,55927.59153428189,3.0,1031570.6464799396,demand10,Nominal joint
0.9964671294786213,0.9997394244990327,3262,20,1438,891951.3065309364,5,5.116638521658772,92099.4933898579,3.0,984050.7999207943,demand10,Nominal joint
0.9959421854437234,0.9995667734996337,3349,20,1351,829749.2085827545,4,4.054601435226975,72982.82583408555,3.0,902732.0344168401,demand10,Nominal joint
0.9959733793978967,0.9994467026029762,3358,24,1484,907688.233925972,4,9.19768094364471,165558.25698560473,3.0,1073246.4909115767,demand10,Nominal joint
0.9964927087128262,0.9998563400027407,3380,28,1525,945707.7361635148,7,4.633720858075378,83406.9754453568,3.0,1029114.7116088716,demand10,Nominal joint
0.9968422024709133,0.9999244629018968,3050,22,1362,835530.9672848916,2,4.317139238071797,77708.50628529236,3.0,913239.473570184,demand10,Nominal joint
0.9959316409013299,0.9992703521161951,3889,29,1894,1167282.4808347907,6,8.334268364678001,150016.83056420402,3.0,1317299.3113989946,demand10,Nominal joint
0.9965255809269564,0.9999922723308988,3271,20,1510,953368.1705266148,1,0.5148853676381139,9267.93661748605,3.0,962636.1071441008,demand10,Nominal joint
0.9962485219547044,0.9995877182134653,3626,26,1690,1040041.2869320695,4,6.451390167143969,116125.02300859144,3.0,1156166.3099406608,demand10,Nominal joint
0.9967081137279129,1.0,3142,21,1428,896500.1026237619,0,0.0,0.0,3.0,896500.1026237619,demand10,Nominal joint
0.9962966390892927,0.9994885617525705,3430,16,1557,971991.6302033251,3,7.309686065527121,131574.34917948817,3.0,1103565.9793828132,demand10,Nominal joint
0.9967686532907344,0.9997882113144564,2997,25,1346,838391.4868978356,4,3.536227366880197,63652.09260384355,3.0,902043.5795016792,demand10,Nominal joint
0.9965844093073041,0.998388836306283,3131,25,1397,842124.6923697343,8,11.826649581930587,212879.69247475057,3.0,1055004.3848444847,demand10,Nominal joint
0.996714804255442,0.9995677619344132,2954,26,1282,810535.2287561022,4,6.639065573620861,119503.18032517549,3.0,930038.4090812777,demand10,Nominal joint
0.9952293789730365,0.9998439948553279,4413,30,2106,1299887.4272094334,5,3.751648674868919,67529.67614764054,3.0,1367417.1033570739,demand10,Nominal joint
0.9954257763110869,0.9994781877206741,4156,33,1938,1203092.2783945657,9,12.739644112333053,229313.5940219949,3.0,1432405.8724165605,demand10,Nominal joint
0.9960451177232186,0.9997470365975601,3391,25,1561,948308.9401339847,6,5.4103786874130115,97386.81637343421,3.0,1045695.7565074188,demand10,Nominal joint
0.9966529923225176,0.9998719173263055,3135,26,1403,851668.4522010976,4,7.604045616234897,136872.82109222814,3.0,988541.2732933258,demand10,Nominal joint
0.9958583684033097,0.9994528393432901,3889,23,1746,1086693.960406226,7,7.707492484321828,138734.8647177929,3.0,1225428.825124019,demand10,Nominal joint
0.9958975935102219,0.9996037421508384,3947,28,1884,1164882.5830837078,6,6.232802995726294,112190.45392307329,3.0,1277073.0370067812,demand10,Nominal joint
0.9967343206552097,0.9996367039501521,3051,26,1302,788393.9309945711,4,5.356735233787736,96421.23420817926,3.0,884815.1652027504,demand10,Nominal joint
0.9963827397871071,0.9997708934985391,3435,20,1539,939988.7353081679,5,8.290911555690737,149236.4080024333,3.0,1089225.1433106011,demand10,Nominal joint
0.9960608400632016,0.9996840545843051,3383,19,1522,953782.8444520073,5,6.886588154378911,123958.5867788204,3.0,1077741.4312308277,demand10,Nominal joint
0.9961571463145874,0.9992188145951848,3593,24,1650,1011427.1430857363,2,4.9956390196701035,89921.50235406187,3.0,1101348.6454397982,demand10,Nominal joint
0.9954415661237721,0.9972145508591306,2932,44,1244,771836.9909450214,12,21.32396344545714,383831.3420182285,3.0,1155668.3329632499,carrier,Nominal joint
0.9943714268951258,0.9984887918553492,3299,36,1393,902454.9585898289,16,26.61113197686935,479000.37558364816,3.0,1381455.334173477,carrier,Nominal joint
0.9949967264332676,0.9986393334432851,3208,39,1318,825992.2283844574,12,18.482866964078145,332691.6053534067,3.0,1158683.8337378642,carrier,Nominal joint
0.9950203139796415,0.9992832524451896,3291,38,1457,914354.6908115712,11,15.681169334599005,282261.048022782,3.0,1196615.7388343532,carrier,Nominal joint
0.995260021760434,0.9994458748561721,2977,32,1214,791767.051704374,10,12.167023250752953,219006.4185135532,3.0,1010773.4702179272,carrier,Nominal joint
0.995747007675669,0.9989236150269988,2906,47,1238,775092.9660782926,19,24.638224174628427,443488.0351433117,3.0,1218581.0012216042,carrier,Nominal joint
0.9953951464724548,0.9994070531999918,3136,46,1324,827975.6656564272,10,9.97129484944629,179483.3072900332,3.0,1007458.9729464604,carrier,Nominal joint
0.994710065542967,0.9986571547849995,3133,39,1282,814648.9583420557,14,21.355547601199167,384399.856821585,3.0,1199048.8151636408,carrier,Nominal joint
0.9942955735008805,0.9990400186965661,3440,45,1428,907133.722405489,16,18.2210906156638,327979.6310819484,3.0,1235113.3534874374,carrier,Nominal joint
0.9948611827110516,0.9988619256785287,3187,39,1389,883452.118092114,9,15.00989163910345,270178.0495038621,3.0,1153630.167595976,carrier,Nominal joint
0.9942467367410723,0.9994842743254765,3431,53,1504,972069.768223483,12,17.51122867639238,315202.11617506284,3.0,1287271.8843985458,carrier,Nominal joint
0.9955370084676166,0.999597976493068,2888,29,1205,763342.6163237825,7,5.901459277164102,106226.26698895385,3.0,869568.8833127363,carrier,Nominal joint
0.9953869449044687,0.9989027609069033,2741,34,1154,732360.0106586321,9,12.432857144624158,223791.42860323488,3.0,956151.439261867,carrier,Nominal joint
0.9949648673834752,0.9987081073093766,3406,40,1490,941313.6883993543,11,20.878063269827607,375805.13885689696,3.0,1317118.8272562514,carrier,Nominal joint
0.9945871473851531,0.9997001567315711,3208,44,1356,845476.686176479,9,8.114481146461355,146060.66063630435,3.0,991537.3468127833,carrier,Nominal joint
0.9947101886143318,0.9978491327569086,3122,37,1311,813343.3448740751,11,21.346230420222984,384232.1475640137,3.0,1197575.4924380889,carrier,Nominal joint
0.9942438912491288,0.997171895704612,3243,37,1345,848850.5777658706,14,18.701607523591033,336628.9354246386,3.0,1185479.5131905093,carrier,Nominal joint
0.9946946252876064,0.9984819840062241,3083,43,1283,801352.6239565104,17,28.111904831187836,506014.2869613809,3.0,1307366.9109178914,carrier,Nominal joint
0.9943912162813978,0.9986261342870372,3430,42,1439,900494.0097742816,11,28.759212791233537,517665.8302422038,3.0,1418159.8400164854,carrier,Nominal joint
0.9955638961146769,0.9992290116045136,3023,42,1302,794212.10620769,14,22.103157193579577,397856.8294844324,3.0,1192068.9356921224,carrier,Nominal joint
0.9943838940101006,0.9987140681621087,3586,45,1596,1002452.7299099476,16,23.40298947902092,421253.81062237656,3.0,1423706.5405323242,carrier,Nominal joint
0.994681435791536,0.9980868124762992,3566,54,1521,942343.5737502885,17,32.543799269381445,585788.386848866,3.0,1528131.9605991545,carrier,Nominal joint
0.9953900724402396,0.9982704133933564,2921,40,1175,753094.6315154452,15,18.684047933992424,336312.86281186354,3.0,1089407.4943273086,carrier,Nominal joint
0.9950767296755808,0.9993843124525754,3283,44,1393,871847.7108564303,11,17.937539052406084,322875.7029433095,3.0,1194723.41379974,carrier,Nominal joint
0.993999015377596,0.9982500468228811,3328,43,1416,901236.2650057118,17,30.742175885979805,553359.1659476366,3.0,1454595.4309533485,carrier,Nominal joint
0.9976139505633593,0.9996797097224795,2027,27,844,517102.0802231472,6,7.7531230786784375,139556.21541621187,3.0,656658.295639359,container,Nominal joint
0.9975927031217479,0.9997486845163956,1983,30,878,554595.7809195378,6,6.747802334024105,121460.4420124339,3.0,676056.2229319717,container,Nominal joint
0.9976766120449134,0.9997208124957441,1983,36,873,536739.4950805483,6,7.902989344629462,142253.80820333032,3.0,678993.3032838786,container,Nominal joint
0.9979586752214646,0.9999381817696811,1789,15,751,467815.719521082,3,3.337849455162832,60081.29019293098,3.0,527897.009714013,container,Nominal joint
0.9974327375566232,0.9996650606952482,2371,32,1102,672983.7942050565,7,6.725667091714932,121062.00765086876,3.0,794045.8018559252,container,Nominal joint
0.997264749317799,0.9998290628319713,2304,30,1030,649604.6548393343,4,6.309883546421705,113577.9038355907,3.0,763182.558674925,container,Nominal joint
0.9973795495174016,0.9991402878913358,2124,26,991,623033.883636015,3,7.073262771149173,127318.7298806851,3.0,750352.6135167001,container,Nominal joint
0.9970847554879301,0.9989634687082879,2222,34,995,620142.2234826264,5,7.207028916054696,129726.52048898455,3.0,749868.7439716109,container,Nominal joint
0.997663865126072,0.9997768222849441,2066,32,871,547639.9517432658,3,2.0766075676673337,37378.93621801201,3.0,585018.8879612779,container,Nominal joint
0.9974268292613133,0.9991304277038258,2129,34,904,565589.4927515388,4,9.130057761792493,164341.03971226484,3.0,729930.5324638037,container,Nominal joint
0.9974724161821064,0.999949721275411,2082,28,883,536862.1767827881,3,2.088103256944481,37585.858625000656,3.0,574448.0354077888,container,Nominal joint
0.9974081604337254,0.9988618944729423,2264,41,999,628770.5975759696,6,8.882348247144009,159882.2684485922,3.0,788652.8660245618,container,Nominal joint
0.9968326076913433,0.9997453963569668,2338,39,1022,620925.8832861109,4,3.830711419148521,68952.80554467338,3.0,689878.6888307843,container,Nominal joint
0.9974564279276482,0.9997749499520451,2293,30,1053,650621.2794445297,4,3.6219954571343074,65195.91822841754,3.0,715817.1976729472,container,Nominal joint
0.9969494640690414,0.999607585508675,2437,30,1148,719747.6128638149,6,8.521207505269022,153381.73509484238,3.0,873129.3479586573,container,Nominal joint
0.9972901378660456,0.9999185802789756,2303,24,955,601696.697572385,3,3.4080219816043935,61344.39566887908,3.0,663041.093241264,container,Nominal joint
0.9973503975731975,0.9999961061629743,2137,27,927,568035.4425675054,2,0.8439360739326136,15190.849330787045,3.0,583226.2918982925,container,Nominal joint
0.9977177222476932,0.9998398314185905,1990,26,912,578101.2199223718,5,6.0349871382344835,108629.7684882207,3.0,686730.9884105925,container,Nominal joint
0.9974749098564082,0.9997002804462269,2162,27,926,568250.7971760945,8,8.084946929573446,145529.04473232204,3.0,713779.8419084165,container,Nominal joint
0.9975904626212571,0.9997330295691804,2183,45,1018,614317.8194459197,8,7.287700336249275,131178.60605248692,3.0,745496.4254984066,container,Nominal joint
0.997104915712572,0.9996177954924319,2409,27,1056,666273.2390485536,5,6.347466860858497,114254.40349545293,3.0,780527.6425440066,container,Nominal joint
0.9972276158679874,0.9989054579644766,2346,28,1078,679559.7026938685,6,10.864962038599426,195569.31669478968,3.0,875129.0193886582,container,Nominal joint
0.9969029871957192,0.9998640625586522,2349,26,1045,672601.9546574807,4,5.082518114412794,91485.32605943031,3.0,764087.280716911,container,Nominal joint
0.9976618143790891,0.999416695638652,2182,24,1011,626987.105620147,4,7.366738897540057,132601.30015572102,3.0,759588.405775868,container,Nominal joint
0.9978164416166441,0.9997484314635515,1997,34,912,572868.8607898956,4,5.250070515941756,94501.2692869516,3.0,667370.1300768473,container,Nominal joint
0.9794260845968568,0.9921424487395762,13278,109,7107,4718791.075470154,69,120.31953119271434,2165751.561468858,4.0,6884542.6369390115,combined,Nominal joint
0.9797621505071282,0.9901138942196817,13169,97,6886,4506404.980478317,69,141.2750100306251,2542950.180551251,4.0,7049355.161029568,combined,Nominal joint
0.9783388214197419,0.9892244294551981,13200,102,6766,4435357.412084885,75,145.33741795075036,2616073.523113507,4.0,7051430.935198392,combined,Nominal joint
0.9780797463119735,0.9908112885357908,13731,104,7117,4687346.707576679,80,151.58641322417776,2728555.4380351994,4.0,7415902.1456118785,combined,Nominal joint
0.9801142484849806,0.9920421992455561,13016,109,6854,4530249.253837981,70,116.51771946827924,2097318.9504290256,4.0,6627568.204267006,combined,Nominal joint
0.9794176620177276,0.9916742862653753,13488,100,7081,4661106.651370633,78,142.12753576970394,2558295.643854671,4.0,7219402.295225305,combined,Nominal joint
0.9784931602201193,0.9860991794592534,13941,109,7497,4928208.549168846,91,176.26256855269594,3172726.2339485255,4.0,8100934.783117371,combined,Nominal joint
0.9811561142686565,0.9888538237242999,12278,95,6328,4169025.7489244486,81,144.04736076225578,2592852.493720603,4.0,6761878.242645051,combined,Nominal joint
0.9783416676804076,0.9840734801031416,13599,100,7145,4711129.435405045,91,204.00841191627677,3672151.414492983,4.0,8383280.849898027,combined,Nominal joint
0.9785821459170028,0.991746695111101,13445,104,7019,4683626.660512213,81,158.6774666820877,2856194.400277579,4.0,7539821.060789792,combined,Nominal joint
0.9786017345978478,0.9893513764380927,13361,110,7056,4605176.827585092,74,162.2400877283418,2920321.5791101516,4.0,7525498.406695243,combined,Nominal joint
0.9790110233644577,0.9912555635791733,13490,103,7180,4690846.144090854,79,156.05112580899788,2808920.2645619623,4.0,7499766.408652816,combined,Nominal joint
0.9774066481298607,0.9863055663938688,13547,97,7116,4701634.874093528,73,157.06248124745156,2827124.662454129,4.0,7528759.536547657,combined,Nominal joint
0.979804596971928,0.9899646945454484,13099,110,6951,4562459.977346414,80,148.196350105726,2667534.3019030686,4.0,7229994.279249482,combined,Nominal joint
0.9792665115038337,0.9943091212444279,13373,96,6877,4482505.601660226,66,112.25668533931236,2020620.3361076226,4.0,6503125.937767848,combined,Nominal joint
0.9791720725129938,0.9883806545712632,13019,101,6759,4453197.930602837,80,168.10664784345005,3025919.661182102,4.0,7479117.591784939,combined,Nominal joint
0.9786218421289992,0.9928056726648482,13662,102,7191,4745166.266987839,73,125.88210498101911,2265877.889658344,4.0,7011044.156646183,combined,Nominal joint
0.9795394575960407,0.9910911871771019,13072,103,6871,4512442.438635509,59,132.36288507379558,2382531.931328321,4.0,6894974.36996383,combined,Nominal joint
0.9781529528905759,0.9861896795247806,14207,103,7540,4997235.612876336,78,167.14415612544553,3008594.8102580197,4.0,8005830.423134356,combined,Nominal joint
0.9773833661206686,0.9911074827639851,13944,101,7333,4840289.148389805,71,141.60180595456143,2548832.507182105,4.0,7389121.65557191,combined,Nominal joint
0.9787681385676698,0.9873163152279273,13498,99,7178,4695704.25053763,80,157.02303513202247,2826414.6323764045,4.0,7522118.882914035,combined,Nominal joint
0.9767497959099367,0.9842170629464678,14447,107,7542,4931215.434446199,76,171.23057565312578,3082150.3617562633,4.0,8013365.796202462,combined,Nominal joint
0.9775070871727203,0.9890646738043496,14089,107,7325,4864839.084011354,84,154.75922384395332,2785666.02919116,4.0,7650505.113202514,combined,Nominal joint
0.9788547053814044,0.9930987279159768,13180,99,6833,4518219.277896395,73,138.29959247633835,2489392.66457409,4.0,7007611.942470485,combined,Nominal joint
0.9791280133610079,0.9899680707207404,13026,102,6909,4550089.509853422,79,145.1477571787896,2612659.6292182133,4.0,7162749.139071635,combined,Nominal joint
0.9994560568900343,1.0,508,0,176,109216.68355799594,0,0.0,0.0,2.0,109216.68355799594,nominal,Target+ robust
0.999438968787453,1.0,550,0,187,104877.61102509797,0,0.0,0.0,2.0,104877.61102509797,nominal,Target+ robust
0.9992930941025983,1.0,572,1,228,139019.7603627185,0,0.0,0.0,2.0,139019.7603627185,nominal,Target+ robust
0.9993857790281041,1.0,594,0,238,142203.07125762923,0,0.0,0.0,2.0,142203.07125762923,nominal,Target+ robust
0.9993446846642349,1.0,617,2,255,151244.42508371634,0,0.0,0.0,2.0,151244.42508371634,nominal,Target+ robust
0.9991730392507019,1.0,697,0,221,126937.65296553053,0,0.0,0.0,3.0,126937.65296553053,nominal,Target+ robust
0.9993358936631862,1.0,509,0,189,115625.86094741929,0,0.0,0.0,2.0,115625.86094741929,nominal,Target+ robust
0.9993251459705357,1.0,571,0,200,119313.87724822198,0,0.0,0.0,2.0,119313.87724822198,nominal,Target+ robust
0.999499654250259,1.0,435,0,134,78859.38520059183,0,0.0,0.0,2.0,78859.38520059183,nominal,Target+ robust
0.999340033316878,1.0,547,1,211,125607.49183911274,0,0.0,0.0,2.0,125607.49183911274,nominal,Target+ robust
0.9993178641587824,1.0,522,1,174,104984.98558386602,0,0.0,0.0,2.0,104984.98558386602,nominal,Target+ robust
0.9990769195513718,1.0,773,0,313,202425.99724860335,0,0.0,0.0,2.0,202425.99724860335,nominal,Target+ robust
0.9993706703942263,1.0,461,0,153,91624.30686674186,0,0.0,0.0,2.0,91624.30686674186,nominal,Target+ robust
0.9990517118181146,1.0,725,1,273,161921.58266083527,0,0.0,0.0,2.0,161921.58266083527,nominal,Target+ robust
0.999348080036344,1.0,603,0,213,133623.60374134342,0,0.0,0.0,2.0,133623.60374134342,nominal,Target+ robust
0.9992657230436571,1.0,628,0,218,133549.58354568505,0,0.0,0.0,2.0,133549.58354568505,nominal,Target+ robust
0.9994832001989091,1.0,404,1,134,78722.19147327797,0,0.0,0.0,2.0,78722.19147327797,nominal,Target+ robust
0.9992517902271487,1.0,611,0,246,151663.57536512392,0,0.0,0.0,2.0,151663.57536512392,nominal,Target+ robust
0.9992497810307339,1.0,585,0,224,136165.7858556105,0,0.0,0.0,2.0,136165.7858556105,nominal,Target+ robust
0.9991312751480209,1.0,686,1,225,137515.55754865936,0,0.0,0.0,2.0,137515.55754865936,nominal,Target+ robust
0.9995308066369875,1.0,428,0,146,91561.21902380651,0,0.0,0.0,2.0,91561.21902380651,nominal,Target+ robust
0.999285702872655,1.0,545,0,170,105948.67300919537,0,0.0,0.0,2.0,105948.67300919537,nominal,Target+ robust
0.9992594440883732,1.0,580,0,201,120605.81982348059,0,0.0,0.0,2.0,120605.81982348059,nominal,Target+ robust
0.9993909413170532,1.0,564,0,166,100527.59848831395,0,0.0,0.0,2.0,100527.59848831395,nominal,Target+ robust
0.9994290154143713,1.0,434,0,133,74959.48791345832,0,0.0,0.0,2.0,74959.48791345832,nominal,Target+ robust
0.9992679953077147,1.0,596,0,221,130189.67090112773,0,0.0,0.0,2.0,130189.67090112773,correlated,Target+ robust
0.9992434031027957,1.0,577,0,161,96875.37235420385,0,0.0,0.0,2.0,96875.37235420385,correlated,Target+ robust
0.999331433948411,1.0,530,0,161,95804.47781560384,0,0.0,0.0,2.0,95804.47781560384,correlated,Target+ robust
0.9993063051988375,1.0,598,1,199,116968.1219326329,0,0.0,0.0,2.0,116968.1219326329,correlated,Target+ robust
0.9992967142698571,1.0,636,0,243,150014.31851291968,0,0.0,0.0,2.0,150014.31851291968,correlated,Target+ robust
0.9993306002654636,1.0,604,0,240,153104.09181119603,0,0.0,0.0,2.0,153104.09181119603,correlated,Target+ robust
0.9990619443086233,1.0,719,1,290,171542.84617412993,0,0.0,0.0,3.0,171542.84617412993,correlated,Target+ robust
0.9992834759014996,1.0,573,0,199,119918.69392778412,0,0.0,0.0,2.75,119918.69392778412,correlated,Target+ robust
0.9994465779101243,1.0,466,0,165,97516.8853968946,0,0.0,0.0,2.0,97516.8853968946,correlated,Target+ robust
0.9994229168335887,1.0,501,1,196,109885.15301395125,0,0.0,0.0,2.0,109885.15301395125,correlated,Target+ robust
0.9994337341971542,1.0,440,0,146,90291.75478190521,0,0.0,0.0,2.0,90291.75478190521,correlated,Target+ robust
0.9994335940836904,1.0,540,0,208,122831.8992118569,0,0.0,0.0,2.0,122831.8992118569,correlated,Target+ robust
0.9993349976805684,1.0,567,0,208,121851.82430845866,0,0.0,0.0,2.0,121851.82430845866,correlated,Target+ robust
0.9993046674507706,1.0,612,0,198,120238.66302255701,0,0.0,0.0,2.0,120238.66302255701,correlated,Target+ robust
0.9991282373321179,1.0,702,0,256,154337.4962737338,0,0.0,0.0,2.0,154337.4962737338,correlated,Target+ robust
0.9991279954872341,1.0,771,0,290,172477.7119901067,0,0.0,0.0,2.0,172477.7119901067,correlated,Target+ robust
0.9992047151750645,1.0,618,0,235,146171.22267552823,0,0.0,0.0,2.0,146171.22267552823,correlated,Target+ robust
0.9992459737163975,1.0,551,0,197,110274.57287401106,0,0.0,0.0,2.0,110274.57287401106,correlated,Target+ robust
0.9993786253999141,1.0,577,0,207,125759.00231462608,0,0.0,0.0,2.0,125759.00231462608,correlated,Target+ robust
0.9991701338811846,1.0,635,1,236,145259.78412447812,0,0.0,0.0,2.0,145259.78412447812,correlated,Target+ robust
0.9991991956301488,1.0,617,1,220,136285.6279094455,0,0.0,0.0,2.0,136285.6279094455,correlated,Target+ robust
0.9990831218660202,1.0,638,0,230,130695.18111123251,0,0.0,0.0,2.0,130695.18111123251,correlated,Target+ robust
0.9992350662248377,1.0,635,0,239,137816.95792561182,0,0.0,0.0,2.0,137816.95792561182,correlated,Target+ robust
0.9993592675334517,1.0,573,1,176,99364.74686719733,0,0.0,0.0,3.0,99364.74686719733,correlated,Target+ robust
0.9995602792922343,1.0,417,1,152,90624.2806080133,0,0.0,0.0,2.0,90624.2806080133,correlated,Target+ robust
0.9974115529979347,0.9999601084193799,2418,3,1083,654428.3232776306,2,2.4068460501239075,43323.22890223034,3.0,697751.552179861,demand10,Target+ robust
0.9976360516411169,1.0,2157,5,915,554342.5004408276,0,0.0,0.0,3.0,554342.5004408276,demand10,Target+ robust
0.9977838313748584,1.0,2050,5,903,542117.8716569545,0,0.0,0.0,3.0,542117.8716569545,demand10,Target+ robust
0.9978536194961094,0.9999971308074369,1909,6,808,502377.09429327986,1,0.5267156498479313,9480.881697262763,3.0,511857.9759905426,demand10,Target+ robust
0.9978095702596045,1.0,1948,2,822,479346.1620466687,0,0.0,0.0,3.0,479346.1620466687,demand10,Target+ robust
0.9978530366168323,1.0,2047,6,874,530640.6031151401,0,0.0,0.0,3.0,530640.6031151401,demand10,Target+ robust
0.9973940608490586,0.9998820562094011,2420,6,1120,695378.3791469369,1,1.9912738515949442,35842.929328709,3.0,731221.308475646,demand10,Target+ robust
0.9976565083180449,0.9999072451929917,2071,2,871,527269.2799489776,1,0.7830307258104549,14094.553064588188,3.0,541363.8330135659,demand10,Target+ robust
0.9978750030927233,1.0,2038,6,927,564117.11348868,0,0.0,0.0,3.0,564117.11348868,demand10,Target+ robust
0.9975233847745484,1.0,2168,3,943,584835.5573038897,0,0.0,0.0,3.0,584835.5573038897,demand10,Target+ robust
0.9977634259628477,1.0,1874,1,750,449225.5362165277,0,0.0,0.0,3.0,449225.5362165277,demand10,Target+ robust
0.9978125455934491,0.9999217326852424,1960,4,801,487406.9409871821,1,0.6994462978322283,12590.033360980111,3.0,499996.9743481622,demand10,Target+ robust
0.9977148802231742,1.0,2122,5,925,553458.5377034132,0,0.0,0.0,3.0,553458.5377034132,demand10,Target+ robust
0.9975971569246935,0.999970286443384,2307,6,1072,671650.7884067919,1,0.4216592478540784,7589.866461373411,3.0,679240.6548681653,demand10,Target+ robust
0.9976218843411323,0.999502881580714,2178,5,926,558666.8321455308,4,6.518347110622885,117330.24799121195,3.0,675997.0801367428,demand10,Target+ robust
0.9972551226926788,1.0,2313,3,1031,635965.87114621,0,0.0,0.0,3.0,635965.87114621,demand10,Target+ robust
0.9974746094379436,1.0,2415,6,1197,715269.1835141375,0,0.0,0.0,3.0,715269.1835141375,demand10,Target+ robust
0.9972439657654807,1.0,2424,5,1037,628785.5190182866,0,0.0,0.0,3.0,628785.5190182866,demand10,Target+ robust
0.9974673432899932,1.0,2241,4,988,607522.412075216,0,0.0,0.0,3.0,607522.412075216,demand10,Target+ robust
0.997591844966274,1.0,2261,4,991,600011.3640717317,0,0.0,0.0,3.0,600011.3640717317,demand10,Target+ robust
0.9978928219721971,1.0,1881,5,793,492179.65158467664,0,0.0,0.0,3.0,492179.65158467664,demand10,Target+ robust
0.99709246052737,1.0,2247,6,925,573177.4167124755,0,0.0,0.0,3.0,573177.4167124755,demand10,Target+ robust
0.9976337418941583,0.9999855484973171,2217,5,988,598666.3279061051,1,1.6739956500586008,30131.921701054816,3.0,628798.2496071599,demand10,Target+ robust
0.9973597646216185,1.0,2114,2,863,544112.5968718714,0,0.0,0.0,3.0,544112.5968718714,demand10,Target+ robust
0.9976525375632429,0.9999529940157887,2392,4,1052,630354.9645277954,1,0.5227378645077528,9409.28156113955,3.0,639764.246088935,demand10,Target+ robust
0.9968742042648031,0.9994141733488149,2047,24,873,550876.3346178317,4,4.844493921831638,87200.89059296947,3.0,638077.2252108012,carrier,Target+ robust
0.9964199159594019,0.9998883996519681,2189,11,931,573617.983316673,2,2.612199158773273,47019.58485791892,3.0,620637.5681745919,carrier,Target+ robust
0.9959293153650728,0.9999630620797035,2390,17,970,614300.9145044939,2,3.4321571143112024,61778.82805760165,3.0,676079.7425620956,carrier,Target+ robust
0.9968016044608179,1.0,1934,8,802,504314.55894295964,0,0.0,0.0,3.0,504314.55894295964,carrier,Target+ robust
0.9968823360493051,0.999293117120606,1869,18,777,471615.9626990793,5,10.096586699297916,181738.56058736247,3.0,653354.5232864418,carrier,Target+ robust
0.9963794139947284,0.9994542911395067,2279,15,914,574259.8438547679,2,4.913764414887286,88447.75946797113,3.0,662707.603322739,carrier,Target+ robust
0.9965849331719419,0.9999186724145471,2231,7,898,557897.2172860472,2,3.0626003927880197,55126.80707018435,3.0,613024.0243562316,carrier,Target+ robust
0.9963741064593349,0.9999665381342379,2095,7,797,509377.1255885801,2,1.3913017037763067,25043.43066797352,3.0,534420.5562565536,carrier,Target+ robust
0.9970761279642555,0.9999623181526248,1947,13,852,519801.7682554164,3,2.519107438516689,45343.933893300404,3.0,565145.7021487168,carrier,Target+ robust
0.9967075989736129,0.9995287272430401,2216,24,910,560054.1055605027,6,9.29059725752198,167230.7506353956,3.0,727284.8561958984,carrier,Target+ robust
0.9967103173913145,0.9999451393220559,2083,19,885,558087.696220239,2,2.217755197559385,39919.59355606893,3.0,598007.289776308,carrier,Target+ robust
0.9963661136379304,0.999724368738993,2303,20,942,584449.0351049985,3,6.694412504705737,120499.42508470327,3.0,704948.4601897018,carrier,Target+ robust
0.9968477222344121,0.9997622885383297,2040,13,884,544354.2767267069,3,6.44247927982472,115964.62703684498,3.0,660318.9037635518,carrier,Target+ robust
0.9965759922413718,0.9998302363868485,2282,20,987,620269.081485484,1,1.1350066559061505,20430.119806310708,3.0,640699.2012917948,carrier,Target+ robust
0.9962405445752262,0.9987657599481982,2389,21,965,605370.9667801937,8,12.903887990093853,232269.98382168933,3.0,837640.950601883,carrier,Target+ robust
0.9965716347608771,0.9997397524621175,2285,11,924,574087.0274129506,2,4.599233179956331,82786.19723921396,3.0,656873.2246521646,carrier,Target+ robust
0.9965928791466475,0.9995690690112196,2018,7,845,524146.59467158176,4,9.515578278819701,171280.40901875464,3.0,695427.0036903364,carrier,Target+ robust
0.9966811144854268,0.9999562035529305,2070,12,849,545770.8757164965,1,1.4197096283052875,25554.773309495173,3.0,571325.6490259917,carrier,Target+ robust
0.996445920550857,0.9992810203243949,2345,20,960,593967.9184713485,6,14.763180383539407,265737.2469037093,3.0,859705.1653750578,carrier,Target+ robust
0.9972057275487797,0.9997042889715789,1768,11,691,445871.72378096153,3,2.3347007531814894,42024.61355726681,3.0,487896.33733822836,carrier,Target+ robust
0.9962328586565932,0.999886685984222,2242,15,930,580079.2584910971,3,3.8690102544783977,69642.18458061115,3.0,649721.4430717083,carrier,Target+ robust
0.9965629389637155,0.9998408366748968,2233,26,915,590187.0130911712,4,3.2353632803136207,58236.53904564517,3.0,648423.5521368163,carrier,Target+ robust
0.9965623181649433,0.9998993876120724,2388,18,1025,640291.8220383339,3,3.099794368819351,55796.29863874832,3.0,696088.1206770822,carrier,Target+ robust
0.9965038765973072,0.9992549601398678,2169,20,875,549052.3061894199,2,4.534846828868971,81627.24291964147,3.0,630679.5491090614,carrier,Target+ robust
0.9964072604926932,0.9994406452980684,2446,25,1073,679551.1001427652,6,8.394484484748755,151100.7207254776,3.0,830651.8208682428,carrier,Target+ robust
0.9982558531348603,1.0,1419,5,584,358487.90061865584,0,0.0,0.0,3.0,358487.90061865584,container,Target+ robust
0.9983700765943525,0.9999759225594302,1350,12,562,347228.1122108131,1,1.0021790221032574,18039.222397858633,3.0,365267.3346086717,container,Target+ robust
0.9985869213551057,1.0,1300,12,548,338281.9391129814,0,0.0,0.0,3.0,338281.9391129814,container,Target+ robust
0.9979174503352018,0.999973030327261,1505,7,638,384706.1409463139,1,0.9688974737833017,17440.154528099432,3.0,402146.2954744133,container,Target+ robust
0.9985645510910934,0.9998803276633811,1326,8,575,352804.60037093953,3,2.6982616233667303,48568.709220601144,3.0,401373.30959154066,container,Target+ robust
0.9980030110900964,1.0,1532,9,663,402420.78898716805,0,0.0,0.0,3.0,402420.78898716805,container,Target+ robust
0.9982664033796879,0.9998463540821969,1466,2,633,402392.8692701225,1,1.0585339203455004,19053.61056621901,3.0,421446.4798363415,container,Target+ robust
0.9983277660533451,1.0,1363,7,561,349423.85501799657,0,0.0,0.0,3.0,349423.85501799657,container,Target+ robust
0.9984375866771952,1.0,1315,9,579,365699.19417496875,0,0.0,0.0,3.0,365699.19417496875,container,Target+ robust
0.9982266137946444,1.0,1360,7,548,336314.30917589675,0,0.0,0.0,3.0,336314.30917589675,container,Target+ robust
0.9982641413933164,0.9999954997253795,1309,5,530,330389.1469155398,1,0.6476286044132238,11657.314879438029,3.0,342046.46179497783,container,Target+ robust
0.9981565837893729,0.9999372700294914,1557,5,678,428552.8874250289,1,0.5800353970992997,10440.637147787394,3.0,438993.52457281627,container,Target+ robust
0.9983720124864939,0.999983188554601,1450,2,643,400135.8501050864,1,1.7339687861093596,31211.43814996847,3.0,431347.28825505485,container,Target+ robust
0.9982297159874068,1.0,1486,3,624,374159.4698111711,0,0.0,0.0,3.0,374159.4698111711,container,Target+ robust
0.9983663525894946,0.9998107441095683,1571,7,683,418451.6037340273,2,2.9438884385543447,52989.99189397821,3.0,471441.5956280055,container,Target+ robust
0.9981290998958927,1.0,1457,5,597,366233.27171821124,0,0.0,0.0,3.0,366233.27171821124,container,Target+ robust
0.9981402946562505,0.9999944113021375,1556,13,699,443855.8780325639,1,0.7465095034989999,13437.171062981999,3.0,457293.0490955459,container,Target+ robust
0.9984313242425821,0.9999975866179759,1347,9,554,346439.2279057285,1,0.32536457158869414,5856.562288596495,3.0,352295.790194325,container,Target+ robust
0.9984178722469222,1.0,1372,8,578,347148.95210590767,0,0.0,0.0,3.0,347148.95210590767,container,Target+ robust
0.9982812710970533,0.9999839222406188,1428,10,612,372559.6063086572,1,0.6788009354358877,12218.416837845978,3.0,384778.0231465032,container,Target+ robust
0.9983260659750905,1.0,1430,5,683,420723.55178938305,0,0.0,0.0,3.0,420723.55178938305,container,Target+ robust
0.9983231633882366,0.9999947578829976,1413,12,600,359650.2413645631,1,0.27759237707801643,4996.662787404296,3.0,364646.90415196744,container,Target+ robust
0.9982422177093336,1.0,1522,8,656,408271.1628836272,0,0.0,0.0,3.0,408271.1628836272,container,Target+ robust
0.9981899937063468,0.9999798331404011,1592,3,689,426080.59895279334,1,0.8869630722743904,15965.335300939027,3.0,442045.9342537324,container,Target+ robust
0.9982784745521708,0.9999805656698127,1337,6,541,330118.24189881224,1,1.289096477938511,23203.736602893197,3.0,353321.97850170545,container,Target+ robust
0.9827475240087247,0.9937861373267363,10735,80,5648,3675178.8015818503,46,82.3264706487686,1481876.471677835,4.0,5157055.273259685,combined,Target+ robust
0.9817099551296515,0.9943401951616267,11241,89,5805,3850750.499804829,54,97.83152347089366,1760967.4224760858,4.0,5611717.922280915,combined,Target+ robust
0.9830377840059652,0.9943292560644815,10675,79,5547,3699926.3459788533,36,74.90623262436283,1348312.1872385307,4.0,5048238.533217384,combined,Target+ robust
0.9820552144889135,0.9951218520665258,11221,87,5782,3802509.5142830214,45,82.58988058855935,1486617.8505940684,4.0,5289127.36487709,combined,Target+ robust
0.9827527097567268,0.99545961895111,11261,92,5778,3791881.00585481,46,76.37580711086575,1374764.5279955831,4.0,5166645.533850393,combined,Target+ robust
0.9817222476726966,0.9928654513430911,11643,87,6107,4081892.2855765726,46,90.43332290487217,1627799.8122876997,4.0,5709692.097864272,combined,Target+ robust
0.9826825964385171,0.9954780250347764,10884,87,5577,3704307.799691601,37,62.68172291058999,1128271.0123906198,4.0,4832578.812082221,combined,Target+ robust
0.9811918034288519,0.9950530751424247,11673,92,5977,3979523.818845085,46,92.82244723375057,1670804.050207511,4.0,5650327.869052596,combined,Target+ robust
0.9831743317944842,0.9957117938101503,10445,83,5368,3576905.040683658,32,69.6623879776313,1253922.9835973638,3.0,4830828.024281021,combined,Target+ robust
0.9817479045361763,0.9945736281039674,11599,96,6137,4025519.6313978247,45,82.38183942879118,1482873.1097182413,4.0,5508392.7411160655,combined,Target+ robust
0.9823235706527625,0.9938975477521651,11397,91,5920,3975355.963346949,44,94.82577312037044,1706863.9161666683,4.0,5682219.879513618,combined,Target+ robust
0.9829946735685201,0.9971283822903143,11142,91,5772,3802297.5511164065,37,63.83236939829763,1148982.6491693573,4.0,4951280.2002857635,combined,Target+ robust
0.9827954111714575,0.9959869325849926,10927,80,5682,3679428.2873032913,45,86.19347891950166,1551482.62055103,4.0,5230910.907854321,combined,Target+ robust
0.9811923811592823,0.9941483061017024,11396,78,5938,3925821.976601062,46,81.05386502690254,1458969.570484246,4.0,5384791.547085308,combined,Target+ robust
0.9812877024242228,0.9936606502975394,11055,87,5696,3758406.690022694,43,89.54472567166003,1611805.0620898805,4.0,5370211.752112575,combined,Target+ robust
0.982631419127378,0.9964080086448172,10851,84,5707,3770019.5653642523,35,66.2555366029263,1192599.6588526734,4.0,4962619.224216926,combined,Target+ robust
0.9818996162221627,0.994030705534192,11463,92,6021,3870397.750280262,48,83.21927362470653,1497946.9252447174,4.0,5368344.67552498,combined,Target+ robust
0.983836714896578,0.9921867695736204,10397,85,5380,3537021.1581794857,42,85.46446343495393,1538360.3418291712,4.0,5075381.500008657,combined,Target+ robust
0.981847152585464,0.9951342649988968,11606,98,5932,3905497.6993006733,49,87.84381140693978,1581188.6053249168,4.0,5486686.30462559,combined,Target+ robust
0.9827132488927587,0.9956321475502574,10480,87,5262,3469408.0227421145,40,69.3264508733385,1247876.115720093,4.0,4717284.138462207,combined,Target+ robust
0.9824682955685905,0.9911414418973498,11247,91,5870,3856911.244619872,60,136.42676751408257,2455681.8152534873,4.0,6312593.059873359,combined,Target+ robust
0.9826466371709623,0.9958669198293103,11158,82,5715,3742095.552886482,41,67.27752081617514,1210995.374691153,4.0,4953090.927577635,combined,Target+ robust
0.9834114864756758,0.9939966913438201,10656,88,5577,3654329.219032751,41,64.02910896860487,1152523.9614348877,4.0,4806853.180467639,combined,Target+ robust
0.9828268190162371,0.9945658000915019,11211,95,5724,3748518.22818607,47,97.19744385258713,1749553.9893465675,4.0,5498072.2175326375,combined,Target+ robust
0.9821394059637513,0.9959388857686812,11329,76,5751,3769125.0150477095,39,70.58718888056316,1270569.3998501366,4.0,5039694.414897846,combined,Target+ robust
