part_id,line_family,returnable_packaging,expendable_alternative,break_even_cycles,annual_container_cycles,npv_advantage_returnable_eur_5y
P0000,electronics,PK03,PK04,69.44444444444446,15055.0,127994.95163727064
P0001,body,PK06,PK05,108.22510822510822,13911.0,631901.0411426967
P0002,thermal,PK06,PK05,108.22510822510822,1736.0,77763.02619680265
P0003,powertrain,PK06,PK05,108.22510822510822,12175.0,552888.0149458942
P0004,interior,PK03,PK04,69.44444444444446,7554.0,64148.03817123496
P0006,thermal,PK03,PK04,69.44444444444446,4964.0,42102.51012470351
P0007,electronics,PK02,PK04,90.2439024390244,3966.0,31853.602294565033
P0008,body,PK03,PK04,69.44444444444446,20655.0,175660.95822436563
P0009,thermal,PK03,PK04,69.44444444444446,81.0,539.4547381347672
P0010,electronics,PK03,PK04,69.44444444444446,184618.0,1571279.072160055
P0011,thermal,PK03,PK04,69.44444444444446,707.0,5867.833331620746
P0012,chassis,PK03,PK04,69.44444444444446,3777.0,31999.01908561748
P0013,chassis,PK03,PK04,69.44444444444446,1929.0,16269.236911876123
P0014,body,PK03,PK04,69.44444444444446,1864.0,15715.9707639902
P0015,thermal,PK03,PK04,69.44444444444446,6420.0,54495.67183734823
P0016,body,PK02,PK04,90.2439024390244,8767.0,70637.59866778912
P0017,body,PK01,PK04,52.631578947368425,15094.0,135494.5175107801
P0018,thermal,PK02,PK04,90.2439024390244,29534.0,238399.99247798382
P0019,body,PK03,PK04,69.44444444444446,53125.0,452038.6785606113
P0020,electronics,PK06,PK05,108.22510822510822,372.0,15681.362756457711
P0021,electronics,PK03,PK04,69.44444444444446,5202.0,44128.31540465505
P0022,electronics,PK01,PK04,52.631578947368425,2543.0,22728.000399490775
P0023,interior,PK06,PK04,inf,2561.0,-17901.774200955537
P0024,body,PK01,PK04,52.631578947368425,5049.0,45243.56823320052
P0025,interior,PK02,PK04,90.2439024390244,3684.0,29575.5171087185
P0026,electronics,PK02,PK04,90.2439024390244,6558.0,52792.59804532463
P0027,powertrain,PK02,PK04,90.2439024390244,1173.0,9290.864975170141
P0028,powertrain,PK06,PK05,108.22510822510822,17337.0,787833.4303997509
P0029,electronics,PK02,PK04,90.2439024390244,7332.0,59045.21483200979
P0030,body,PK03,PK04,69.44444444444446,15095.0,128335.42311289275
P0031,powertrain,PK02,PK04,90.2439024390244,23819.0,192232.41504141316
P0032,interior,PK02,PK04,90.2439024390244,4278.0,34374.03696826758
P0033,body,PK03,PK04,69.44444444444446,19892.0,169166.46482687397
P0034,electronics,PK03,PK04,69.44444444444446,1955.0,16490.543371030493
P0035,chassis,PK03,PK04,69.44444444444446,16170.0,137485.59402023687
P0036,thermal,PK02,PK04,90.2439024390244,19832.0,160024.16810534892
P0037,powertrain,PK03,PK04,69.44444444444446,7559.0,64190.59710568772
P0038,electronics,PK06,PK05,108.22510822510822,4955.0,224273.9313393762
P0039,powertrain,PK02,PK04,90.2439024390244,945.0,7449.008867464438
P0040,chassis,PK06,PK05,108.22510822510822,459.0,19641.11694950024
P0041,thermal,PK02,PK04,90.2439024390244,828.0,6503.845864825982
P0042,electronics,PK03,PK04,69.44444444444446,10069.0,85555.18220097494
P0043,interior,PK03,PK04,69.44444444444446,3816.0,32330.97877434903
P0044,chassis,PK01,PK04,52.631578947368425,11630.0,104371.64162252366
P0045,electronics,PK06,PK04,inf,540.0,-4761.112092352982
P0046,interior,PK02,PK04,90.2439024390244,6615.0,53253.062072251065
P0047,interior,PK03,PK04,69.44444444444446,34002.0,289267.77785257227
P0048,interior,PK03,PK04,69.44444444444446,3657.0,30977.604658751156
P0050,powertrain,PK01,PK04,52.631578947368425,12828.0,115135.26902267699
P0051,body,PK03,PK04,69.44444444444446,1259.0,10566.339695205827
P0052,powertrain,PK03,PK04,69.44444444444446,5789.0,49124.73430940947
P0053,electronics,PK02,PK04,90.2439024390244,4931.0,39649.17748726682
P0054,electronics,PK02,PK04,90.2439024390244,10089.0,81317.13276597747
P0055,thermal,PK03,PK04,69.44444444444446,10091.0,85742.44151256712
P0056,body,PK02,PK04,90.2439024390244,6029.0,48519.16874279693
P0057,body,PK03,PK04,69.44444444444446,69699.0,593113.0344846314
P0059,interior,PK06,PK04,inf,709.0,-5859.96013607086
P0060,electronics,PK02,PK04,90.2439024390244,9786.0,78869.40293863173
P0061,powertrain,PK03,PK04,69.44444444444446,22905.0,194812.47872810916
P0062,thermal,PK03,PK04,69.44444444444446,303.0,2429.071427837463
P0063,body,PK06,PK05,108.22510822510822,19681.0,894519.2215318392
P0065,powertrain,PK03,PK04,69.44444444444446,5034.0,42698.3352070422
P0066,interior,PK03,PK04,69.44444444444446,975.0,8148.992218288866
P0069,body,PK06,PK04,inf,2157.0,-15274.942191121077
P0070,interior,PK02,PK04,90.2439024390244,2742.0,21965.743190039666
P0071,thermal,PK06,PK04,inf,536.0,-4735.1038546318505
P0072,chassis,PK03,PK04,69.44444444444446,6596.0,55993.74633008549
P0073,interior,PK06,PK05,108.22510822510822,2201.0,98927.22964237478
P0074,chassis,PK02,PK04,90.2439024390244,2518.0,20156.20034738143
P0075,interior,PK02,PK04,90.2439024390244,10046.0,80969.76516671717
P0076,powertrain,PK03,PK04,69.44444444444446,756.0,6284.910889257826
P0077,interior,PK03,PK04,69.44444444444446,4277.0,36254.91253089382
P0078,powertrain,PK02,PK04,90.2439024390244,1924.0,15357.680487832356
P0079,electronics,PK06,PK05,108.22510822510822,25545.0,1161415.7570261084
P0080,chassis,PK03,PK04,69.44444444444446,21296.0,181117.0136212099
P0081,chassis,PK03,PK04,69.44444444444446,12782.0,108647.66003504438
P0082,electronics,PK02,PK04,90.2439024390244,3783.0,30375.27041864335
P0083,interior,PK01,PK04,52.631578947368425,13691.0,122889.03400292103
P0084,powertrain,PK02,PK04,90.2439024390244,12839.0,103532.50248611206
P0085,thermal,PK03,PK04,69.44444444444446,63.0,386.2425741048189
P0087,interior,PK02,PK04,90.2439024390244,1887.0,15058.78278614327
P0088,interior,PK03,PK04,69.44444444444446,2476.0,20925.184341008437
P0089,body,PK06,PK04,inf,1684.0,-12199.468080597075
P0090,thermal,PK02,PK04,90.2439024390244,1888.0,15066.861102405139
P0091,body,PK02,PK04,90.2439024390244,7571.0,60975.93241859603
P0093,body,PK03,PK04,69.44444444444446,15130.0,128633.33565406207
P0094,interior,PK03,PK04,69.44444444444446,30236.0,257212.38842275087
P0095,powertrain,PK03,PK04,69.44444444444446,21914.0,186377.29791957146
P0097,electronics,PK03,PK04,69.44444444444446,2333.0,19707.998815659404
P0098,powertrain,PK02,PK04,90.2439024390244,5030.0,40448.93079719166
P0100,powertrain,PK06,PK04,inf,2378.0,-16711.89732521369
P0102,body,PK06,PK05,108.22510822510822,401.0,17001.28082080522
P0103,electronics,PK03,PK04,69.44444444444446,6427.0,54555.25434558209
P0104,body,PK03,PK04,69.44444444444446,7534.0,63977.802433423894
P0105,interior,PK03,PK04,69.44444444444446,63663.0,541735.8888132554
P0106,thermal,PK06,PK05,108.22510822510822,4370.0,197647.99797236614
P0107,powertrain,PK02,PK04,90.2439024390244,12787.0,103112.43004049498
P0108,powertrain,PK06,PK04,inf,280.0,-3070.5766404793235
P0110,electronics,PK02,PK04,90.2439024390244,1041.0,8224.527228603682
P0111,electronics,PK03,PK04,69.44444444444446,1257.0,10549.316121424721
P0112,chassis,PK06,PK05,108.22510822510822,2145.0,96378.42234570373
P0114,thermal,PK06,PK05,108.22510822510822,4366.0,197465.94030831818
P0116,electronics,PK03,PK04,69.44444444444446,6606.0,56078.86419899101
P0117,thermal,PK03,PK04,69.44444444444446,7565.0,64241.66782703104
P0118,powertrain,PK02,PK04,90.2439024390244,953.0,7513.635397559374
P0119,body,PK01,PK04,52.631578947368425,3647.0,32647.069389281496
P0120,interior,PK01,PK04,52.631578947368425,12885.0,115647.39486725863
P0121,thermal,PK06,PK04,inf,579.0,-5014.692410134031
P0122,powertrain,PK03,PK04,69.44444444444446,5540.0,47005.29937366186
P0123,interior,PK02,PK04,90.2439024390244,1373.0,10906.528227543567
P0124,body,PK03,PK04,69.44444444444446,7737.0,65705.69517220609
P0125,chassis,PK03,PK04,69.44444444444446,178.0,1365.0980665183774
P0127,body,PK03,PK04,69.44444444444446,30233.0,257186.85306207923
P0128,thermal,PK03,PK04,69.44444444444446,21644.0,184079.11545912226
P0129,interior,PK03,PK04,69.44444444444446,15144.0,128752.50067052981
P0130,powertrain,PK03,PK04,69.44444444444446,7546.0,64079.94387611054
P0132,powertrain,PK01,PK04,52.631578947368425,15306.0,137399.26626606597
P0133,chassis,PK03,PK04,69.44444444444446,15726.0,133706.3606408315
P0134,electronics,PK06,PK05,108.22510822510822,2561.0,115312.41940668868
P0135,chassis,PK02,PK04,90.2439024390244,25748.0,207815.48711055485
P0136,body,PK02,PK04,90.2439024390244,3768.0,30254.095674715343
P0137,powertrain,PK03,PK04,69.44444444444446,1369.0,11502.636253166622
P0138,chassis,PK03,PK04,69.44444444444446,15070.0,128122.62844062892
P0139,interior,PK06,PK05,108.22510822510822,15765.0,716284.7684289136
P0140,electronics,PK03,PK04,69.44444444444446,49397.0,420306.7370326307
P0141,chassis,PK06,PK05,108.22510822510822,1081.0,47951.08370895372
P0142,body,PK06,PK04,inf,723.0,-5950.988968094825
P0145,chassis,PK03,PK04,69.44444444444446,21313.0,181261.7139983493
P0146,thermal,PK02,PK04,90.2439024390244,1373.0,10906.528227543567
P0147,electronics,PK03,PK04,69.44444444444446,2136.0,18031.176798220527
P0148,interior,PK06,PK05,108.22510822510822,1444.0,64472.816721303585
P0149,body,PK03,PK04,69.44444444444446,5027.0,42638.75269880833
P0151,electronics,PK03,PK04,69.44444444444446,11629.0,98833.56975023713
P0152,powertrain,PK03,PK04,69.44444444444446,2560.0,21640.17443981487
P0153,electronics,PK02,PK04,90.2439024390244,5040.0,40529.71395981033
P0154,chassis,PK06,PK05,108.22510822510822,1747.0,78263.68477293446
P0155,powertrain,PK03,PK04,69.44444444444446,682.0,5655.038659356929
P0156,chassis,PK03,PK04,69.44444444444446,8568.0,72778.99007825537
P0157,interior,PK03,PK04,69.44444444444446,630.0,5212.42574104819
P0158,interior,PK03,PK04,69.44444444444446,2973.0,25155.542425613126
P0159,powertrain,PK03,PK04,69.44444444444446,2502.0,21146.490800162814
P0160,powertrain,PK03,PK04,69.44444444444446,9885.0,83989.01341311327
P0162,chassis,PK01,PK04,52.631578947368425,6384.0,57238.09459313766
P0163,chassis,PK06,PK05,108.22510822510822,2160.0,97061.13858588348
P0164,powertrain,PK03,PK04,69.44444444444446,56135.0,477659.1571011748
P0165,powertrain,PK03,PK04,69.44444444444446,50407.0,428903.641792089
P0166,chassis,PK02,PK04,90.2439024390244,11007.0,88733.0270943715
P0168,body,PK03,PK04,69.44444444444446,1255.0,10532.292547643618
P0169,powertrain,PK06,PK05,108.22510822510822,5680.0,257271.882948064
P0170,electronics,PK06,PK05,108.22510822510822,1511.0,67522.28259410645
P0171,interior,PK02,PK04,90.2439024390244,10057.0,81058.62664559772
P0172,interior,PK02,PK04,90.2439024390244,4959.0,39875.3703425991
P0173,interior,PK03,PK04,69.44444444444446,11021.0,93658.4033207811
P0174,thermal,PK03,PK04,69.44444444444446,45738.0,389162.1088000986
P0175,interior,PK06,PK05,108.22510822510822,2530.0,113901.47251031722
P0176,chassis,PK02,PK04,90.2439024390244,3298.0,26457.28703163779
P0177,chassis,PK02,PK04,90.2439024390244,5288.0,42533.13639275338
P0178,chassis,PK03,PK04,69.44444444444446,1926.0,16243.701551204464
P0179,thermal,PK02,PK04,90.2439024390244,948.0,7473.243816250037
P0180,thermal,PK06,PK04,inf,391.0,-3792.305237240771
P0182,thermal,PK02,PK04,90.2439024390244,2021.0,16141.277165233467
P0183,powertrain,PK02,PK04,90.2439024390244,948.0,7473.243816250037
P0184,chassis,PK03,PK04,69.44444444444446,94594.0,805013.9691249406
P0185,chassis,PK03,PK04,69.44444444444446,152.0,1143.7916073640076
P0186,body,PK06,PK04,inf,3978.0,-27115.192413666977
P0187,body,PK03,PK04,69.44444444444446,30202.0,256922.9876684721
P0188,chassis,PK02,PK04,90.2439024390244,1886.0,15050.704469881402
P0189,interior,PK03,PK04,69.44444444444446,10162.0,86346.77838179635
P0190,interior,PK06,PK05,108.22510822510822,9973.0,452665.27088750736
P0191,interior,PK02,PK04,90.2439024390244,1035.0,8176.05733103248
P0192,electronics,PK02,PK04,90.2439024390244,5871.0,47242.79477342192
P0194,body,PK02,PK04,90.2439024390244,7996.0,64409.21682988956
P0195,electronics,PK03,PK04,69.44444444444446,15081.0,128216.258096425
P0196,powertrain,PK02,PK04,90.2439024390244,8805.0,70944.57468574007
P0197,body,PK02,PK04,90.2439024390244,2910.0,23322.900322033343
P0198,electronics,PK02,PK04,90.2439024390244,21774.0,175712.25828589487
P0199,chassis,PK03,PK04,69.44444444444446,7738.0,65714.20695909666
P0200,electronics,PK03,PK04,69.44444444444446,12803.0,108826.40755974597
P0201,thermal,PK03,PK04,69.44444444444446,14583.0,123977.38822492975
P0202,chassis,PK02,PK04,90.2439024390244,3379.0,27111.630648849023
P0203,powertrain,PK06,PK05,108.22510822510822,6915.0,313482.1867228631
P0204,thermal,PK03,PK04,69.44444444444446,9649.0,81980.23170694284
P0205,thermal,PK02,PK04,90.2439024390244,11741.0,94662.51123058195
P0206,body,PK03,PK04,69.44444444444446,10970.0,93224.3021893629
P0207,thermal,PK03,PK04,69.44444444444446,21301.0,181159.5725556627
P0208,thermal,PK06,PK04,inf,643.0,-5430.824213672161
P0209,chassis,PK02,PK04,90.2439024390244,1511.0,12021.335871681236
P0210,electronics,PK03,PK04,69.44444444444446,5469.0,46400.96250443262
P0211,chassis,PK03,PK04,69.44444444444446,2276.0,19222.8269628979
P0212,thermal,PK02,PK04,90.2439024390244,803.0,6301.887958279305
P0213,interior,PK03,PK04,69.44444444444446,30151.0,256488.8865370539
P0216,body,PK02,PK04,90.2439024390244,577.0,4476.188483097333
P0217,thermal,PK02,PK04,90.2439024390244,2488.0,19913.850859525417
P0218,electronics,PK02,PK04,90.2439024390244,1514.0,12045.570820466834
P0219,interior,PK03,PK04,69.44444444444446,2520.0,21299.70296419276
P0220,interior,PK02,PK04,90.2439024390244,15941.0,128591.4395304239
P0221,chassis,PK03,PK04,69.44444444444446,19982.0,169932.52564702372
P0222,powertrain,PK02,PK04,90.2439024390244,3783.0,30375.27041864335
P0223,body,PK03,PK04,69.44444444444446,2607.0,22040.228423670844
P0224,interior,PK03,PK04,69.44444444444446,7712.0,65492.900499942276
P0226,chassis,PK03,PK04,69.44444444444446,378.0,3067.455444628913
P0227,interior,PK03,PK04,69.44444444444446,13460.0,114418.6515468391
P0228,electronics,PK03,PK04,69.44444444444446,10113.0,85929.70082415927
P0229,powertrain,PK03,PK04,69.44444444444446,3306.0,27989.96746016717
P0230,powertrain,PK06,PK04,inf,322.0,-3343.6631365512235
P0231,electronics,PK02,PK04,90.2439024390244,991.0,7820.611415510324
P0232,body,PK03,PK04,69.44444444444446,4268.0,36178.306448878844
P0233,thermal,PK06,PK05,108.22510822510822,13100.0,594988.8497569786
P0234,powertrain,PK03,PK04,69.44444444444446,488.0,4003.752002589709
P0236,electronics,PK06,PK05,108.22510822510822,14616.0,663988.7044311449
P0237,interior,PK03,PK04,69.44444444444446,3676.0,31139.328609671655
P0238,powertrain,PK03,PK04,69.44444444444446,6631.0,56291.65887125484
P0239,body,PK03,PK04,69.44444444444446,2597.0,21955.110554765317
P0240,powertrain,PK06,PK05,108.22510822510822,1371.0,61150.26435242883
P0242,interior,PK01,PK04,52.631578947368425,47288.0,424746.7883960361
P0244,body,PK06,PK05,108.22510822510822,4791.0,216809.56711341097
P0245,body,PK03,PK04,69.44444444444446,11321.0,96211.93938794691
P0246,interior,PK03,PK04,69.44444444444446,252.0,1994.9702964192757
P0247,body,PK06,PK05,108.22510822510822,964.0,42625.89703555171
P0248,body,PK02,PK04,90.2439024390244,70362.0,568221.488817495
P0249,electronics,PK03,PK04,69.44444444444446,1165.0,9766.231727493876
P0250,body,PK02,PK04,90.2439024390244,4287.0,34446.74181462437
P0251,electronics,PK03,PK04,69.44444444444446,30219.0,257067.68804561152
P0252,chassis,PK06,PK05,108.22510822510822,2073.0,93101.38439284096
P0253,body,PK02,PK04,90.2439024390244,11619.0,93676.95664663418
P0254,thermal,PK02,PK04,90.2439024390244,5035.0,40489.322378501
P0255,electronics,PK02,PK04,90.2439024390244,15095.0,121757.18397288432
P0256,thermal,PK02,PK04,90.2439024390244,2193.0,17530.747562274613
P0257,chassis,PK06,PK05,108.22510822510822,4314.0,195099.19067569508
P0258,thermal,PK01,PK04,52.631578947368425,7304.0,65503.985417963275
P0259,powertrain,PK03,PK04,69.44444444444446,113313.0,964346.107929196
P0260,chassis,PK02,PK04,90.2439024390244,2200.0,17587.295776107683
P0261,thermal,PK03,PK04,69.44444444444446,86271.0,734170.3668348705
P0263,chassis,PK02,PK04,90.2439024390244,2468.0,19752.284534288076
P0264,interior,PK03,PK04,69.44444444444446,3034.0,25674.761425936835
P0265,interior,PK02,PK04,90.2439024390244,1605.0,12780.697600296744
P0266,electronics,PK03,PK04,69.44444444444446,475.0,3893.0987730125244
P0268,electronics,PK06,PK05,108.22510822510822,3030.0,136658.68051630878
P0269,chassis,PK03,PK04,69.44444444444446,7051.0,59866.60936528696
P0270,chassis,PK03,PK04,69.44444444444446,1514.0,12736.845352296761
P0271,interior,PK03,PK04,69.44444444444446,61313.0,521733.18962045666
P0272,interior,PK02,PK04,90.2439024390244,5026.0,40416.617532144184
P0273,electronics,PK03,PK04,69.44444444444446,7565.0,64241.66782703104
P0274,chassis,PK03,PK04,69.44444444444446,30141.0,256403.76866814835
P0275,powertrain,PK06,PK05,108.22510822510822,3029.0,136613.16610029677
P0276,interior,PK02,PK04,90.2439024390244,5478.0,44068.01648250814
P0277,powertrain,PK03,PK04,69.44444444444446,3666.0,31054.210740766135
P0279,interior,PK06,PK05,108.22510822510822,2664.0,120000.40425592297
P0280,thermal,PK06,PK05,108.22510822510822,13457.0,611237.4962732566
P0282,chassis,PK03,PK04,69.44444444444446,15099.0,128369.47026045492
P0284,chassis,PK03,PK04,69.44444444444446,6415.0,54453.11290289546
P0285,body,PK02,PK04,90.2439024390244,10424.0,84023.36871370295
P0286,thermal,PK02,PK04,90.2439024390244,1508.0,11997.10092289563
P0287,powertrain,PK02,PK04,90.2439024390244,3298.0,26457.28703163779
P0288,chassis,PK02,PK04,90.2439024390244,6006.0,48333.367468773984
P0290,body,PK03,PK04,69.44444444444446,29503.0,250973.24863197576
P0291,interior,PK02,PK04,90.2439024390244,3763.0,30213.704093406006
P0292,body,PK01,PK04,52.631578947368425,50733.0,455698.955669432
P0293,chassis,PK03,PK04,69.44444444444446,4592.0,38936.125401417914
P0294,body,PK03,PK04,69.44444444444446,7518.0,63841.61384317506
P0295,electronics,PK03,PK04,69.44444444444446,2162.0,18252.483257374897
P0296,chassis,PK03,PK04,69.44444444444446,3304.0,27972.943886386063
P0297,electronics,PK02,PK04,90.2439024390244,758.0,5938.363726495283
P0299,electronics,PK02,PK04,90.2439024390244,2911.0,23330.97863829521
P0300,powertrain,PK02,PK04,90.2439024390244,1512.0,12029.414187943097
P0301,thermal,PK03,PK04,69.44444444444446,10825.0,91990.09309023277
P0302,interior,PK03,PK04,69.44444444444446,15120.0,128548.21778515656
P0303,electronics,PK06,PK04,inf,629.0,-5339.795381648196
P0304,powertrain,PK03,PK04,69.44444444444446,343.0,2769.54290345957
P0305,electronics,PK02,PK04,90.2439024390244,9905.0,79830.72257379393
P0310,powertrain,PK03,PK04,69.44444444444446,1068.0,8940.588399110264
P0311,chassis,PK06,PK04,inf,6051.0,-40593.961612644256
P0312,thermal,PK03,PK04,69.44444444444446,194841.0,1658295.0695421752
P0313,body,PK03,PK04,69.44444444444446,213.0,1663.0106076877214
P0314,powertrain,PK06,PK04,inf,1428.0,-10534.940866444553
P0315,chassis,PK01,PK04,52.631578947368425,151943.0,1365036.7930396488
P0317,electronics,PK06,PK05,108.22510822510822,3034.0,136840.7381803567
P0318,powertrain,PK03,PK04,69.44444444444446,3668.0,31071.234314547237
P0319,powertrain,PK03,PK04,69.44444444444446,27281.0,232060.0581611677
P0320,interior,PK03,PK04,69.44444444444446,5773.0,48988.54571916063
P0321,body,PK02,PK04,90.2439024390244,3018.0,24195.358478314996
P0324,electronics,PK06,PK04,inf,629.0,-5339.795381648196
P0325,chassis,PK03,PK04,69.44444444444446,5041.0,42757.91771527607
P0326,powertrain,PK03,PK04,69.44444444444446,3674.0,31122.305035890553
P0327,interior,PK03,PK04,69.44444444444446,11706.0,99488.97734080968
P0329,interior,PK01,PK04,52.631578947368425,14032.0,125952.80440647052
P0330,thermal,PK03,PK04,69.44444444444446,10998.0,93462.63222229839
P0331,thermal,PK06,PK05,108.22510822510822,17344.0,788152.0313118349
P0332,powertrain,PK03,PK04,69.44444444444446,8154.0,69255.11030556656
P0333,thermal,PK03,PK04,69.44444444444446,144665.0,1231207.6505218039
P0334,interior,PK03,PK04,69.44444444444446,11619.0,98748.45188133162
P0335,chassis,PK03,PK04,69.44444444444446,57169.0,486460.34474600625
P0336,thermal,PK02,PK04,90.2439024390244,5038.0,40513.557327286595
P0337,thermal,PK03,PK04,69.44444444444446,101327.0,862323.8302590315
P0338,interior,PK06,PK04,inf,684.0,-5697.408650313778
P0339,electronics,PK06,PK04,inf,207.0,-2595.926302068644
P0340,thermal,PK03,PK04,69.44444444444446,7995.0,67901.7361899687
P0341,body,PK03,PK04,69.44444444444446,11141.0,94679.81774764744
P0342,powertrain,PK03,PK04,69.44444444444446,6988.0,59330.36679118214
P0343,body,PK01,PK04,52.631578947368425,23215.0,208458.97336774608
P0345,chassis,PK03,PK04,69.44444444444446,15111.0,128471.61170314159
P0346,thermal,PK06,PK05,108.22510822510822,4742.0,214579.3607288238
P0347,chassis,PK02,PK04,90.2439024390244,5644.0,45409.01698197807
P0348,thermal,PK03,PK04,69.44444444444446,30199.0,256897.45230780047
P0349,chassis,PK02,PK04,90.2439024390244,3836.0,30803.421180522302
P0350,thermal,PK06,PK05,108.22510822510822,1648.0,73757.75758774813
P0351,chassis,PK02,PK04,90.2439024390244,1746.0,13919.740193220005
P0352,thermal,PK06,PK04,inf,495.0,-4468.519417990233
P0353,electronics,PK03,PK04,69.44444444444446,7528.0,63926.73171208058
P0354,powertrain,PK03,PK04,69.44444444444446,2490.0,21044.34935747618
P0355,thermal,PK06,PK04,inf,584.0,-5047.202707285448
P0356,chassis,PK02,PK04,90.2439024390244,3026.0,24259.98500840993
P0357,electronics,PK03,PK04,69.44444444444446,5040.0,42749.40592838552
P0358,body,PK06,PK04,inf,268.0,-2992.5519273159252
P0359,powertrain,PK02,PK04,90.2439024390244,623.0,4847.791031143221
P0360,electronics,PK02,PK04,90.2439024390244,2498.0,19994.634022144088
P0361,chassis,PK03,PK04,69.44444444444446,4300.0,36450.68362937654
P0362,body,PK06,PK04,inf,347.0,-3506.2146223083055
P0363,chassis,PK03,PK04,69.44444444444446,9622.0,81750.41346089791
P0364,thermal,PK03,PK04,69.44444444444446,6740.0,57219.44364232509
P0365,chassis,PK06,PK05,108.22510822510822,3664.0,165514.82026790606
P0366,thermal,PK02,PK04,90.2439024390244,59144.0,477598.9369918694
P0367,interior,PK03,PK04,69.44444444444446,7566.0,64250.1796139216
P0368,interior,PK03,PK04,69.44444444444446,15159.0,128880.17747388809
P0369,electronics,PK06,PK05,108.22510822510822,587.0,25466.962199034075
P0370,body,PK03,PK04,69.44444444444446,5017.0,42553.6348299028
P0371,powertrain,PK03,PK04,69.44444444444446,2176.0,18371.648273842635
P0372,body,PK06,PK04,inf,420.0,-3980.8649607189855
P0373,interior,PK02,PK04,90.2439024390244,15704.0,126676.8785763614
P0374,thermal,PK03,PK04,69.44444444444446,947.0,7910.662185353391
P0375,electronics,PK06,PK05,108.22510822510822,2517.0,113309.78510216146
P0376,powertrain,PK03,PK04,69.44444444444446,10051.0,85401.97003694501
P0377,electronics,PK03,PK04,69.44444444444446,9815.0,83393.18833077457
P0378,interior,PK03,PK04,69.44444444444446,21931.0,186521.99829671087
P0379,chassis,PK02,PK04,90.2439024390244,5042.0,40545.87059233406
P0380,body,PK03,PK04,69.44444444444446,2472.0,20891.13719344623
P0381,thermal,PK03,PK04,69.44444444444446,3872.0,32807.63884021998
P0382,interior,PK03,PK04,69.44444444444446,10566.0,89785.54028557963
P0383,powertrain,PK02,PK04,90.2439024390244,2574.0,20608.586058045992
P0384,body,PK02,PK04,90.2439024390244,2938.0,23549.093177365627
P0385,thermal,PK06,PK05,108.22510822510822,1454.0,64927.96088142342
P0386,body,PK03,PK04,69.44444444444446,11578.0,98399.46861881894
P0388,chassis,PK06,PK04,inf,3234.0,-22277.6601975362
P0389,thermal,PK03,PK04,69.44444444444446,841.0,7008.412774954805
P0390,electronics,PK02,PK04,90.2439024390244,3025.0,24251.90669214807
P0391,powertrain,PK06,PK05,108.22510822510822,9215.0,418165.3435504242
P0392,interior,PK06,PK04,inf,934.0,-7322.923507884603
P0393,thermal,PK03,PK04,69.44444444444446,182860.0,1556315.3508064633
P0394,chassis,PK01,PK04,52.631578947368425,12833.0,115180.19234237714
P0395,thermal,PK02,PK04,90.2439024390244,6946.0,55926.98475492907
P0396,powertrain,PK03,PK04,69.44444444444446,10941.0,92977.4603695369
P0397,thermal,PK03,PK04,69.44444444444446,4968.0,42136.55727226572
P0398,body,PK03,PK04,69.44444444444446,1517.0,12762.380712968417
P0399,interior,PK02,PK04,90.2439024390244,3770.0,30270.252307239083
P0400,electronics,PK03,PK04,69.44444444444446,1894.0,15971.324370706781
P0401,body,PK02,PK04,90.2439024390244,10102.0,81422.15087738173
P0403,electronics,PK06,PK04,inf,2730.0,-19000.622244673414
P0404,thermal,PK06,PK05,108.22510822510822,3196.0,144214.07357429795
P0405,body,PK03,PK04,69.44444444444446,30272.0,257518.81275081076
P0406,interior,PK02,PK04,90.2439024390244,3463.0,27790.20921484587
P0408,body,PK01,PK04,52.631578947368425,15135.0,135862.88873232124
P0409,chassis,PK02,PK04,90.2439024390244,225.0,1632.6211589201039
P0411,interior,PK03,PK04,69.44444444444446,2627.0,22210.464161481897
P0412,interior,PK02,PK04,90.2439024390244,4259.0,34220.5489592921
P0413,electronics,PK02,PK04,90.2439024390244,18829.0,151921.61689469614
P0414,body,PK03,PK04,69.44444444444446,2762.0,23359.555391706504
P0415,powertrain,PK03,PK04,69.44444444444446,25658.0,218245.4280378007
P0416,powertrain,PK03,PK04,69.44444444444446,11554.0,98195.18573344569
P0417,body,PK03,PK04,69.44444444444446,39988.0,340219.33417942066
P0418,chassis,PK02,PK04,90.2439024390244,4809.0,38663.62290331902
P0419,body,PK03,PK04,69.44444444444446,55760.0,474467.23701721756
P0420,powertrain,PK02,PK04,90.2439024390244,5496.0,44213.42617522174
P0421,interior,PK02,PK04,90.2439024390244,3712.0,29801.70996405078
P0422,powertrain,PK03,PK04,69.44444444444446,3505.0,29683.81305138715
P0423,interior,PK02,PK04,90.2439024390244,756.0,5922.207093971549
P0424,body,PK02,PK04,90.2439024390244,14746.0,118937.85159749267
P0425,interior,PK03,PK04,69.44444444444446,5034.0,42698.3352070422
P0426,electronics,PK06,PK05,108.22510822510822,945.0,41761.12313132403
P0427,thermal,PK06,PK05,108.22510822510822,4494.0,203291.78555785207
P0429,body,PK02,PK04,90.2439024390244,2476.0,19816.911064383006
P0430,electronics,PK02,PK04,90.2439024390244,3796.0,30480.28853004762
P0431,interior,PK03,PK04,69.44444444444446,30124.0,256259.068291009
P0432,thermal,PK02,PK04,90.2439024390244,2323.0,18580.928676317344
P0434,thermal,PK06,PK05,108.22510822510822,15360.0,697851.4299440604
P0437,thermal,PK02,PK04,90.2439024390244,2511.0,20099.65213354836
P0438,chassis,PK03,PK04,69.44444444444446,12834.0,109090.27295335312
P0439,chassis,PK03,PK04,69.44444444444446,19732.0,167804.5789243855
P0441,interior,PK02,PK04,90.2439024390244,7304.0,58819.021976677504
P0442,interior,PK03,PK04,69.44444444444446,30239.0,257237.92378342254
P0444,chassis,PK03,PK04,69.44444444444446,6423.0,54521.207198019874
P0445,electronics,PK03,PK04,69.44444444444446,11552.0,98178.16215966459
P0446,chassis,PK02,PK04,90.2439024390244,3785.0,30391.42705116708
P0447,interior,PK03,PK04,69.44444444444446,23201.0,197331.9676477128
P0448,electronics,PK06,PK05,108.22510822510822,1257.0,55961.620927062744
P0450,powertrain,PK03,PK04,69.44444444444446,13146.0,111745.95046320555
P0451,powertrain,PK03,PK04,69.44444444444446,1554.0,13077.316827918867
P0452,interior,PK03,PK04,69.44444444444446,10096.0,85785.00044701988
P0453,electronics,PK02,PK04,90.2439024390244,3027.0,24268.0633246718
P0454,interior,PK03,PK04,69.44444444444446,326.0,2624.8425263201743
P0455,body,PK03,PK04,69.44444444444446,35643.0,303235.6201399692
P0456,powertrain,PK06,PK05,108.22510822510822,10186.0,462359.84149805974
P0457,electronics,PK06,PK05,108.22510822510822,1066.0,47268.367468773984
P0458,thermal,PK06,PK04,inf,2727.0,-18981.116066382554
P0459,thermal,PK02,PK04,90.2439024390244,7561.0,60895.14925597736
P0461,thermal,PK03,PK04,69.44444444444446,10075.0,85606.25292231826
P0463,powertrain,PK03,PK04,69.44444444444446,6441.0,54674.41936204982
P0465,thermal,PK03,PK04,69.44444444444446,30238.0,257229.41199653206
P0466,thermal,PK02,PK04,90.2439024390244,1909.0,15236.505743904348
P0467,chassis,PK03,PK04,69.44444444444446,30149.0,256471.86296327284
P0468,interior,PK03,PK04,69.44444444444446,17620.0,149827.68501153827
P0469,thermal,PK02,PK04,90.2439024390244,15308.0,123477.86533666201
P0470,body,PK03,PK04,69.44444444444446,65733.0,559355.2876766995
P0471,chassis,PK03,PK04,69.44444444444446,609.0,5033.678216346583
P0472,chassis,PK01,PK04,52.631578947368425,5771.0,51730.49559790061
P0473,chassis,PK02,PK04,90.2439024390244,3935.0,31603.174490447156
P0475,thermal,PK02,PK04,90.2439024390244,2707.0,21683.00212087432
P0477,thermal,PK01,PK04,52.631578947368425,15101.0,135557.41015836026
P0478,chassis,PK06,PK04,inf,240.0,-2810.494263267992
P0479,powertrain,PK03,PK04,69.44444444444446,7549.0,64105.479236782194
P0481,body,PK03,PK04,69.44444444444446,17294.0,147052.84248521808
P0482,chassis,PK03,PK04,69.44444444444446,8694.0,73851.475226465
P0483,interior,PK02,PK04,90.2439024390244,4186.0,33630.8318721758
P0484,body,PK03,PK04,69.44444444444446,18659.0,158671.4315908225
P0485,powertrain,PK06,PK04,inf,840.0,-6711.729921437971
P0486,chassis,PK01,PK04,52.631578947368425,85277.0,766065.1868137533
P0487,chassis,PK03,PK04,69.44444444444446,26980.0,229498.01030711137
P0488,electronics,PK03,PK04,69.44444444444446,7344.0,62360.562924218895
P0489,body,PK02,PK04,90.2439024390244,10093.0,81349.44603102493
P0492,powertrain,PK03,PK04,69.44444444444446,3486.0,29522.089100466652
P0493,thermal,PK03,PK04,69.44444444444446,25040.0,212985.14373943917
P0494,electronics,PK02,PK04,90.2439024390244,31958.0,257981.8310967497
P0496,interior,PK02,PK04,90.2439024390244,12543.0,101141.32087259938
P0497,thermal,PK03,PK04,69.44444444444446,3878.0,32858.7095615633
P0498,powertrain,PK03,PK04,69.44444444444446,3774.0,31973.483724945818
P0499,body,PK01,PK04,52.631578947368425,40410.0,362950.2698165247
P0500,interior,PK03,PK04,69.44444444444446,6401.0,54333.94788642771
P0501,chassis,PK06,PK04,inf,553.0,-4845.638864946664
P0502,electronics,PK03,PK04,69.44444444444446,5032.0,42681.311633261095
P0503,thermal,PK02,PK04,90.2439024390244,10131.0,81656.42204897589
P0504,thermal,PK03,PK04,69.44444444444446,5038.0,42732.382354604415
P0505,powertrain,PK01,PK04,52.631578947368425,105515.0,947896.8156320365
P0506,chassis,PK03,PK04,69.44444444444446,3775.0,31981.99551183638
P0507,interior,PK02,PK04,90.2439024390244,19018.0,153448.41866818903
P0508,electronics,PK06,PK04,inf,579.0,-5014.692410134031
P0509,electronics,PK03,PK04,69.44444444444446,2541.0,21478.450488894363
P0510,powertrain,PK03,PK04,69.44444444444446,10056.0,85444.52897139777
P0511,thermal,PK03,PK04,69.44444444444446,18379.0,156288.13126146776
P0512,chassis,PK01,PK04,52.631578947368425,19888.0,178566.9964392735
P0513,powertrain,PK06,PK05,108.22510822510822,7576.0,343567.2157067839
P0514,electronics,PK03,PK04,69.44444444444446,10060.0,85478.57611895999
P0515,body,PK06,PK04,inf,2278.0,-16061.69138218536
P0517,powertrain,PK01,PK04,52.631578947368425,12838.0,115225.11566207728
P0518,interior,PK03,PK04,69.44444444444446,38499.0,327545.2834993878
P0519,powertrain,PK02,PK04,90.2439024390244,12840.0,103540.58080237395
P0520,thermal,PK02,PK04,90.2439024390244,320.0,2400.0612037974815
P0521,interior,PK03,PK04,69.44444444444446,23285.0,198046.95774651918
P0522,electronics,PK06,PK05,108.22510822510822,14509.0,659118.6619178627
P0524,chassis,PK03,PK04,69.44444444444446,212.0,1654.4988207971683
P0525,interior,PK03,PK04,69.44444444444446,9342.0,79367.11313154316
P0526,powertrain,PK03,PK04,69.44444444444446,7519.0,63850.12563006561
P0527,interior,PK03,PK04,69.44444444444446,30186.0,256786.79907822324
P0528,chassis,PK03,PK04,69.44444444444446,10989.0,93386.02614028341
P0529,thermal,PK06,PK04,inf,1981.0,-14130.579731391223
P0530,powertrain,PK06,PK05,108.22510822510822,3011.0,135793.9066120811
P0531,chassis,PK01,PK04,52.631578947368425,27812.0,249761.473500054
P0532,body,PK03,PK04,69.44444444444446,18316.0,155751.88868736295
P0533,body,PK03,PK04,69.44444444444446,2751.0,23265.925735910427
P0535,electronics,PK01,PK04,52.631578947368425,24784.0,222555.91108964977
P0536,electronics,PK01,PK04,52.631578947368425,15146.0,135961.72003566154
P0537,body,PK03,PK04,69.44444444444446,29420.0,250266.77032005996
P0538,powertrain,PK03,PK04,69.44444444444446,3215.0,27215.394853126876
P0539,interior,PK03,PK04,69.44444444444446,9015.0,76583.75881833243
P0540,powertrain,PK02,PK04,90.2439024390244,3776.0,30318.722204810278
P0541,powertrain,PK01,PK04,52.631578947368425,72809.0,654044.3968094864
P0542,electronics,PK03,PK04,69.44444444444446,1452.0,12209.114565082495
P0543,electronics,PK03,PK04,69.44444444444446,9894.0,84065.61949512824
P0544,chassis,PK03,PK04,69.44444444444446,53121.0,452004.63141304895
P0545,interior,PK02,PK04,90.2439024390244,33899.0,273661.8429610338
P0546,chassis,PK02,PK04,90.2439024390244,22571.0,182150.67634660297
P0547,thermal,PK03,PK04,69.44444444444446,8016.0,68080.4837146703
P0549,chassis,PK02,PK04,90.2439024390244,62373.0,503683.8202014385
P0550,electronics,PK02,PK04,90.2439024390244,15526.0,125238.93828174903
P0551,thermal,PK03,PK04,69.44444444444446,29495.0,250905.15433685138
P0552,interior,PK03,PK04,69.44444444444446,25553.0,217351.69041429265
P0553,powertrain,PK03,PK04,69.44444444444446,7534.0,63977.802433423894
P0554,electronics,PK03,PK04,69.44444444444446,15087.0,128267.32881776831
P0555,interior,PK06,PK05,108.22510822510822,6040.0,273657.0727123779
P0556,interior,PK03,PK04,69.44444444444446,89577.0,762310.3342950376
P0557,powertrain,PK01,PK04,52.631578947368425,7634.0,68468.92451817245
P0558,body,PK03,PK04,69.44444444444446,23295.0,198132.0756154247
P0559,powertrain,PK02,PK04,90.2439024390244,40477.0,326801.00733159576
P0560,electronics,PK06,PK04,inf,826.0,-6620.701089414008
P0561,thermal,PK03,PK04,69.44444444444446,46280.0,393775.4972947781
P0562,chassis,PK03,PK04,69.44444444444446,15154.0,128837.61853943535
P0563,thermal,PK06,PK04,inf,379.0,-3714.2805240773705
P0564,chassis,PK03,PK04,69.44444444444446,17962.0,152738.71612810728
P0565,interior,PK03,PK04,69.44444444444446,5773.0,48988.54571916063
P0566,chassis,PK03,PK04,69.44444444444446,2903.0,24559.71734327444
P0567,powertrain,PK03,PK04,69.44444444444446,34753.0,295660.12980737735
P0568,thermal,PK03,PK04,69.44444444444446,13948.0,118572.4035494288
P0569,chassis,PK02,PK04,90.2439024390244,24239.0,195625.3078713973
P0570,interior,PK03,PK04,69.44444444444446,3773.0,31964.97193805527
P0571,body,PK02,PK04,90.2439024390244,2695.0,21586.06232573191
P0572,chassis,PK06,PK05,108.22510822510822,1249.0,55597.50559896689
P0574,thermal,PK02,PK04,90.2439024390244,20361.0,164297.59740787663
P0575,electronics,PK03,PK04,69.44444444444446,16543.0,140660.49053041302
P0576,powertrain,PK03,PK04,69.44444444444446,5031.0,42672.799846370544
P0577,body,PK02,PK04,90.2439024390244,1237.0,9807.877215929639
P0578,interior,PK02,PK04,90.2439024390244,46199.0,373025.13298199954
P0579,thermal,PK03,PK04,69.44444444444446,58223.0,495431.76812864875
P0580,interior,PK03,PK04,69.44444444444446,19828.0,168621.7104658786
P0581,body,PK02,PK04,90.2439024390244,1917.0,15301.132273999287
P0582,interior,PK03,PK04,69.44444444444446,9886.0,83997.52520000382
P0583,chassis,PK02,PK04,90.2439024390244,8577.0,69102.71857803436
P0584,thermal,PK02,PK04,90.2439024390244,3205.0,25706.00361928415
P0585,electronics,PK02,PK04,90.2439024390244,27620.0,222938.09515277017
P0586,interior,PK03,PK04,69.44444444444446,12953.0,110103.17559332887
P0588,chassis,PK02,PK04,90.2439024390244,10214.0,82326.92229871085
P0589,powertrain,PK03,PK04,69.44444444444446,194.0,1501.2866567672204
P0590,body,PK03,PK04,69.44444444444446,7558.0,64182.085318797166
P0591,body,PK06,PK05,108.22510822510822,5035.0,227915.08462033485
P0592,thermal,PK01,PK04,52.631578947368425,21941.0,197012.5115081506
P0593,powertrain,PK02,PK04,90.2439024390244,12683.0,102272.28514926077
P0594,body,PK02,PK04,90.2439024390244,5046.0,40578.183857381526
P0595,interior,PK02,PK04,90.2439024390244,20877.0,168466.00859900005
P0596,powertrain,PK03,PK04,69.44444444444446,7569.0,64275.71497459324
P0597,interior,PK03,PK04,69.44444444444446,12794.0,108749.801477731
P0598,interior,PK03,PK04,69.44444444444446,5031.0,42672.799846370544
P0599,thermal,PK03,PK04,69.44444444444446,11630.0,98842.08153712768
