part_id,packaging_id,containers_per_day,loop_days,minimum_theoretical_fleet,operational_fleet,safety_allowance_units,container_asset_eur
P0000,PK03,41.24657534246575,3.1799999999999997,132,161,29,24150.0
P0001,PK06,38.11123287671233,3.02,116,142,26,177500.0
P0002,PK06,4.754109589041096,3.64,18,22,4,27500.0
P0003,PK06,33.35616438356165,9.84,329,375,46,468750.0
P0004,PK03,20.695890410958903,9.64,200,228,28,34200.0
P0006,PK03,13.6,6.08,83,97,14,14550.0
P0007,PK02,10.865410958904109,6.44,70,82,12,15170.0
P0008,PK03,56.587671232876716,9.280000000000001,526,600,74,90000.0
P0009,PK03,0.2215119228817859,6.08,2,3,1,450.0
P0010,PK03,505.8027397260274,9.64,4876,5554,678,833100.0
P0011,PK03,1.9353337682104805,8.66,17,20,3,3000.0
P0012,PK03,10.346575342465753,9.02,94,108,14,16200.0
P0013,PK03,5.282648401826484,4.18,23,28,5,4200.0
P0014,PK03,5.1068493150684935,10.4,54,62,8,9300.0
P0015,PK03,17.589041095890412,6.44,114,132,18,19800.0
P0016,PK02,24.017808219178082,8.66,208,238,30,44030.0
P0017,PK01,41.35342465753425,9.64,399,455,56,54600.0
P0018,PK02,80.91506849315068,5.34,433,507,74,93795.0
P0019,PK03,145.54794520547946,4.96,722,849,127,127350.0
P0020,PK06,1.0180039138943249,4.859999999999999,5,6,1,7500.0
P0021,PK03,14.252054794520548,6.12,88,103,15,15450.0
P0022,PK01,6.966210045662101,5.58,39,46,7,5520.0
P0023,PK06,7.016438356164383,6.08,43,50,7,62500.0
P0024,PK01,13.831050228310502,7.28,101,117,16,14040.0
P0025,PK02,10.091598173515981,8.219999999999999,83,96,13,17760.0
P0026,PK02,17.96541095890411,3.94,71,85,14,15725.0
P0027,PK02,3.2136986301369865,8.219999999999999,27,31,4,5735.0
P0028,PK06,47.49771689497717,3.2,152,186,34,232500.0
P0029,PK02,20.085844748858445,4.96,100,118,18,21830.0
P0030,PK03,41.35616438356164,7.98,331,380,49,57000.0
P0031,PK02,65.2568493150685,10.12,661,752,91,139120.0
P0032,PK02,11.718721461187215,6.44,76,88,12,16280.0
P0033,PK03,54.49691780821918,4.9,268,316,48,47400.0
P0034,PK03,5.354794520547945,5.52,30,36,6,5400.0
P0035,PK03,44.3,9.16,406,464,58,69600.0
P0036,PK02,54.33424657534247,6.08,331,385,54,71225.0
P0037,PK03,20.70958904109589,4.96,103,122,19,18300.0
P0038,PK06,13.573287671232876,4.96,68,80,12,100000.0
P0039,PK02,2.586815068493151,6.22,17,20,3,3700.0
P0040,PK06,1.2557729941291584,5.54,7,9,2,11250.0
P0041,PK02,2.2682648401826486,4.96,12,15,3,2775.0
P0042,PK03,27.58538812785388,9.64,266,303,37,45450.0
P0043,PK03,10.452876712328766,6.08,64,75,11,11250.0
P0044,PK01,31.863013698630137,4.859999999999999,155,183,28,21960.0
P0045,PK06,1.4780821917808218,8.66,13,15,2,18750.0
P0046,PK02,18.12146118721461,5.38,98,115,17,21275.0
P0047,PK03,93.15479452054795,6.12,571,664,93,99600.0
P0048,PK03,10.01917808219178,8.48,85,98,13,14700.0
P0050,PK01,35.14520547945205,6.44,227,263,36,31560.0
P0051,PK03,3.4479452054794524,4.96,18,22,4,3300.0
P0052,PK03,15.860273972602739,7.98,127,146,19,21900.0
P0053,PK02,13.508219178082191,4.9,67,79,12,14615.0
P0054,PK02,27.639383561643836,4.859999999999999,135,159,24,29415.0
P0055,PK03,27.646575342465752,9.64,267,305,38,45750.0
P0056,PK02,16.517260273972603,9.64,160,183,23,33855.0
P0057,PK03,190.95479452054795,3.88,741,887,146,133050.0
P0059,PK06,1.9412915851272015,8.4,17,20,3,25000.0
P0060,PK02,26.81095890410959,8.9,239,273,34,50505.0
P0061,PK03,62.75159817351598,4.859999999999999,305,360,55,54000.0
P0062,PK03,0.8284931506849315,3.2,3,4,1,600.0
P0063,PK06,53.91849315068493,10.14,547,622,75,777500.0
P0065,PK03,13.79178082191781,7.24,100,116,16,17400.0
P0066,PK03,2.6702054794520547,9.16,25,29,4,4350.0
P0069,PK06,5.909589041095891,9.280000000000001,55,63,8,78750.0
P0070,PK02,7.511643835616439,10.4,79,90,11,16650.0
P0071,PK06,1.4678082191780824,4.859999999999999,8,10,2,12500.0
P0072,PK03,18.07123287671233,7.98,145,167,22,25050.0
P0073,PK06,6.028493150684932,9.02,55,63,8,78750.0
P0074,PK02,6.896803652968036,3.56,25,31,6,5735.0
P0075,PK02,27.521461187214612,10.14,280,319,39,59015.0
P0076,PK03,2.0708219178082192,9.16,19,22,3,3300.0
P0077,PK03,11.715981735159817,10.4,122,139,17,20850.0
P0078,PK02,5.269406392694064,10.4,55,63,8,11655.0
P0079,PK06,69.98630136986301,8.82,618,707,89,883750.0
P0080,PK03,58.34337899543379,3.1799999999999997,186,227,41,34050.0
P0081,PK03,35.01735159817351,7.98,280,322,42,48300.0
P0082,PK02,10.362328767123287,10.14,106,121,15,22385.0
P0083,PK01,37.50958904109589,3.58,135,163,28,19560.0
P0084,PK02,35.175342465753424,5.54,195,228,33,42180.0
P0085,PK03,0.17059464508094646,3.64,1,2,1,300.0
P0087,PK02,5.167979452054794,9.16,48,55,7,10175.0
P0088,PK03,6.781506849315068,3.02,21,26,5,3900.0
P0089,PK06,4.611111111111111,8.4,39,45,6,56250.0
P0090,PK02,5.1722602739726025,4.859999999999999,26,31,5,5735.0
P0091,PK02,20.741780821917807,4.779999999999999,100,118,18,21830.0
P0093,PK03,41.45205479452055,3.2,133,162,29,24300.0
P0094,PK03,82.83835616438355,3.2,266,324,58,48600.0
P0095,PK03,60.038356164383565,9.82,590,672,82,100800.0
P0097,PK03,6.391359325605901,5.38,35,41,6,6150.0
P0098,PK02,13.778995433789953,7.24,100,116,16,21460.0
P0100,PK06,6.515068493150685,4.859999999999999,32,38,6,47500.0
P0102,PK06,1.0967465753424657,8.66,10,12,2,15000.0
P0103,PK03,17.606849315068494,5.38,95,112,17,16800.0
P0104,PK03,20.64109589041096,8.48,176,202,26,30300.0
P0105,PK03,174.4191780821918,8.48,1480,1694,214,254100.0
P0106,PK06,11.971819960861056,7.98,96,111,15,138750.0
P0107,PK02,35.03219178082192,5.52,194,227,33,41995.0
P0108,PK06,0.7654640169785839,10.4,8,10,2,12500.0
P0110,PK02,2.852054794520548,8.5,25,29,4,5365.0
P0111,PK03,3.442694063926941,6.08,21,25,4,3750.0
P0112,PK06,5.8744292237442925,8.48,50,58,8,72500.0
P0114,PK06,11.95958904109589,3.1799999999999997,39,48,9,60000.0
P0116,PK03,18.0986301369863,5.84,106,124,18,18600.0
P0117,PK03,20.724657534246575,4.859999999999999,101,119,18,17850.0
P0118,PK02,2.609417808219178,10.4,28,32,4,5920.0
P0119,PK01,9.991780821917809,5.34,54,64,10,7680.0
P0120,PK01,35.3013698630137,6.2,219,255,36,30600.0
P0121,PK06,1.5860273972602739,9.16,15,18,3,22500.0
P0122,PK03,15.177260273972603,6.08,93,108,15,16200.0
P0123,PK02,3.7592465753424658,9.64,37,43,6,7955.0
P0124,PK03,21.197260273972603,4.96,106,125,19,18750.0
P0125,PK03,0.486986301369863,10.14,5,6,1,900.0
P0127,PK03,82.83013698630137,3.02,251,308,57,46200.0
P0128,PK03,59.297716894977164,10.42,618,703,85,105450.0
P0129,PK03,41.489041095890414,4.18,174,207,33,31050.0
P0130,PK03,20.672602739726027,5.54,115,135,20,20250.0
P0132,PK01,41.93424657534246,8.66,364,417,53,50040.0
P0133,PK03,43.08401826484018,3.56,154,186,32,27900.0
P0134,PK06,7.016438356164383,9.280000000000001,66,76,10,95000.0
P0135,PK02,70.54246575342465,4.9,346,408,62,75480.0
P0136,PK02,10.321917808219178,4.96,52,62,10,11470.0
P0137,PK03,3.7506849315068496,9.280000000000001,35,40,5,6000.0
P0138,PK03,41.28767123287671,5.58,231,270,39,40500.0
P0139,PK06,43.191232876712334,3.54,153,185,32,231250.0
P0140,PK03,135.33424657534246,7.24,980,1129,149,169350.0
P0141,PK06,2.9596868884540117,6.08,18,21,3,26250.0
P0142,PK06,1.9797945205479452,3.58,8,10,2,12500.0
P0145,PK03,58.39086757990867,10.4,608,691,83,103650.0
P0146,PK02,3.761643835616438,4.859999999999999,19,23,4,4255.0
P0147,PK03,5.850228310502284,9.64,57,65,8,9750.0
P0148,PK06,3.9547945205479453,3.02,12,15,3,18750.0
P0149,PK03,13.771689497716894,9.16,127,145,18,21750.0
P0151,PK03,31.859360730593608,9.64,308,351,43,52650.0
P0152,PK03,7.011780821917808,3.2,23,28,5,4200.0
P0153,PK02,13.806392694063925,6.44,89,104,15,19240.0
P0154,PK06,4.784657534246575,4.3,21,25,4,31250.0
P0155,PK03,1.86607574536664,10.42,20,23,3,3450.0
P0156,PK03,23.472146118721458,7.24,170,196,26,29400.0
P0157,PK03,1.7244292237442922,5.38,10,12,2,1800.0
P0158,PK03,8.142831050228311,4.779999999999999,39,46,7,6900.0
P0159,PK03,6.85296803652968,8.82,61,70,9,10500.0
P0160,PK03,27.08219178082192,6.82,185,214,29,32100.0
P0162,PK01,17.49041095890411,9.82,172,196,24,23520.0
P0163,PK06,5.915851272015656,5.34,32,38,6,47500.0
P0164,PK03,153.7945205479452,3.94,606,725,119,108750.0
P0165,PK03,138.1013698630137,5.54,766,895,129,134250.0
P0166,PK02,30.154794520547945,8.82,266,304,38,56240.0
P0168,PK03,3.438013698630137,9.280000000000001,32,37,5,5550.0
P0169,PK06,15.56095890410959,9.82,153,175,22,218750.0
P0170,PK06,4.13945205479452,3.1799999999999997,14,17,3,21250.0
P0171,PK02,27.553424657534247,8.82,244,279,35,51615.0
P0172,PK02,13.584931506849315,4.12,56,67,11,12395.0
P0173,PK03,30.194520547945206,8.82,267,306,39,45900.0
P0174,PK03,125.30958904109589,7.98,1000,1147,147,172050.0
P0175,PK06,6.92945205479452,9.64,67,77,10,96250.0
P0176,PK02,9.0337899543379,7.28,66,76,10,14060.0
P0177,PK02,14.48675799086758,10.4,151,172,21,31820.0
P0178,PK03,5.274885844748859,10.14,54,62,8,9300.0
P0179,PK02,2.59486301369863,6.08,16,19,3,3515.0
P0180,PK06,1.0709393346379648,3.1799999999999997,4,5,1,6250.0
P0182,PK02,5.535616438356164,5.34,30,36,6,6660.0
P0183,PK02,2.595376712328767,4.96,13,16,3,2960.0
P0184,PK03,259.1616438356164,10.42,2701,3069,368,460350.0
P0185,PK03,0.4158904109589041,8.219999999999999,4,5,1,750.0
P0186,PK06,10.898477929984779,9.16,100,115,15,143750.0
P0187,PK03,82.74520547945205,9.02,747,853,106,127950.0
P0188,PK02,5.166780821917809,3.58,19,23,4,4255.0
P0189,PK03,27.840753424657535,4.859999999999999,136,161,25,24150.0
P0190,PK06,27.322739726027397,8.82,241,276,35,345000.0
P0191,PK02,2.834246575342466,4.96,15,18,3,3330.0
P0192,PK02,16.082705479452056,9.64,156,178,22,32930.0
P0194,PK02,21.906164383561645,7.44,163,188,25,34780.0
P0195,PK03,41.31780821917808,8.66,358,410,52,61500.0
P0196,PK02,24.123287671232877,8.48,205,235,30,43475.0
P0197,PK02,7.970547945205479,10.42,84,96,12,17760.0
P0198,PK02,59.654794520547945,7.24,432,498,66,92130.0
P0199,PK03,21.2,3.64,78,94,16,14100.0
P0200,PK03,35.07671232876712,10.42,366,416,50,62400.0
P0201,PK03,39.95342465753425,6.08,243,283,40,42450.0
P0202,PK02,9.256678082191781,10.12,94,107,13,19795.0
P0203,PK06,18.944383561643836,8.66,165,189,24,236250.0
P0204,PK03,26.435616438356163,3.1799999999999997,85,104,19,15600.0
P0205,PK02,32.165068493150685,8.4,271,311,40,57535.0
P0206,PK03,30.054794520547944,6.22,187,217,30,32550.0
P0207,PK03,58.35890410958904,8.66,506,579,73,86850.0
P0208,PK06,1.7601217656012176,4.96,9,11,2,13750.0
P0209,PK02,4.139726027397261,3.02,13,16,3,2960.0
P0210,PK03,14.983561643835616,4.12,62,74,12,11100.0
P0211,PK03,6.234246575342466,6.08,38,45,7,6750.0
P0212,PK02,2.1982876712328765,5.52,13,16,3,2960.0
P0213,PK03,82.6054794520548,5.38,445,521,76,78150.0
P0216,PK02,1.5806849315068494,4.54,8,10,2,1850.0
P0217,PK02,6.816438356164383,8.5,58,67,9,12395.0
P0218,PK02,4.147945205479452,8.82,37,43,6,7955.0
P0219,PK03,6.902739726027398,6.82,48,56,8,8400.0
P0220,PK02,43.67322540473226,7.98,349,401,52,74185.0
P0221,PK03,54.74486301369863,3.1799999999999997,175,214,39,32100.0
P0222,PK02,10.362328767123287,7.24,76,88,12,16280.0
P0223,PK03,7.142465753424657,10.42,75,86,11,12900.0
P0224,PK03,21.128082191780823,5.34,113,133,20,19950.0
P0226,PK03,1.0356164383561643,9.64,10,12,2,1800.0
P0227,PK03,36.87488584474886,3.02,112,138,26,20700.0
P0228,PK03,27.705936073059362,10.42,289,329,40,49350.0
P0229,PK03,9.057534246575342,6.76,62,72,10,10800.0
P0230,PK06,0.8811263318112633,3.56,4,5,1,6250.0
P0231,PK02,2.7145205479452055,4.18,12,15,3,2775.0
P0232,PK03,11.690867579908677,4.54,54,64,10,9600.0
P0233,PK06,35.8880626223092,9.64,346,395,49,493750.0
P0234,PK03,1.3368537339814406,3.2,5,7,2,1050.0
P0236,PK06,40.043287671232875,4.96,199,234,35,292500.0
P0237,PK03,10.070319634703196,6.44,65,76,11,11400.0
P0238,PK03,18.165296803652968,10.4,189,215,26,32250.0
P0239,PK03,7.114383561643836,4.779999999999999,35,42,7,6300.0
P0240,PK06,3.753767123287671,8.48,32,37,5,46250.0
P0242,PK01,129.55616438356165,9.64,1249,1423,174,170760.0
P0244,PK06,13.124429223744292,8.9,117,134,17,167500.0
P0245,PK03,31.016438356164382,6.22,193,224,31,33600.0
P0246,PK03,0.6881080007941235,8.66,6,7,1,1050.0
P0247,PK06,2.638812785388128,10.42,28,32,4,40000.0
P0248,PK02,192.77260273972604,9.219999999999999,1778,2029,251,375365.0
P0249,PK03,3.189954337899543,3.2,11,14,3,2100.0
P0250,PK02,11.744292237442922,4.859999999999999,58,69,11,12765.0
P0251,PK03,82.79178082191781,7.98,661,759,98,113850.0
P0252,PK06,5.677397260273972,10.14,58,66,8,82500.0
P0253,PK02,31.832876712328765,7.44,237,273,36,50505.0
P0254,PK02,13.793607305936073,3.1799999999999997,44,54,10,9990.0
P0255,PK02,41.35616438356164,10.42,431,490,59,90650.0
P0256,PK02,6.008219178082191,10.12,61,70,9,12950.0
P0257,PK06,11.818786692759295,9.02,107,123,16,153750.0
P0258,PK01,20.009132420091323,4.859999999999999,98,116,18,13920.0
P0259,PK03,310.44657534246574,10.14,3148,3580,432,537000.0
P0260,PK02,6.025616438356165,5.34,33,39,6,7215.0
P0261,PK03,236.35890410958905,10.14,2397,2726,329,408900.0
P0263,PK02,6.760958904109589,6.82,47,55,8,10175.0
P0264,PK03,8.312198303979127,7.62,64,74,10,11100.0
P0265,PK02,4.395034246575342,6.22,28,33,5,6105.0
P0266,PK03,1.2989852866565197,9.280000000000001,13,15,2,2250.0
P0268,PK06,8.300821917808218,7.98,67,77,10,96250.0
P0269,PK03,19.317123287671233,9.64,187,213,26,31950.0
P0270,PK03,4.1461643835616435,4.96,21,25,4,3750.0
P0271,PK03,167.9808219178082,9.64,1620,1845,225,276750.0
P0272,PK02,13.767579908675799,8.66,120,138,18,25530.0
P0273,PK03,20.726027397260275,3.02,63,78,15,11700.0
P0274,PK03,82.57808219178082,6.22,514,597,83,89550.0
P0275,PK06,8.298082191780821,8.48,71,82,11,102500.0
P0276,PK02,15.006849315068493,9.64,145,166,21,30710.0
P0277,PK03,10.043835616438356,4.9,50,59,9,8850.0
P0279,PK06,7.296986301369863,6.08,45,53,8,66250.0
P0280,PK06,36.86780821917808,9.280000000000001,343,392,49,490000.0
P0282,PK03,41.367123287671234,4.859999999999999,202,238,36,35700.0
P0284,PK03,17.575342465753426,3.1799999999999997,56,69,13,10350.0
P0285,PK02,28.557077625570773,7.28,208,240,32,44400.0
P0286,PK02,4.131232876712329,9.64,40,46,6,8510.0
P0287,PK02,9.0337899543379,4.3,39,47,8,8695.0
P0288,PK02,16.452602739726025,8.219999999999999,136,156,20,28860.0
P0290,PK03,80.8283105022831,6.44,521,604,83,90600.0
P0291,PK02,10.307876712328767,5.58,58,68,10,12580.0
P0292,PK01,138.9945205479452,4.96,690,812,122,97440.0
P0293,PK03,12.578183663115169,3.88,49,59,10,8850.0
P0294,PK03,20.5972602739726,4.12,85,102,17,15300.0
P0295,PK03,5.922504892367906,8.219999999999999,49,57,8,8550.0
P0296,PK03,9.050228310502282,4.779999999999999,44,52,8,7800.0
P0297,PK02,2.0767123287671234,8.219999999999999,18,21,3,3885.0
P0299,PK02,7.975342465753425,9.64,77,88,11,16280.0
P0300,PK02,4.140547945205479,6.44,27,32,5,5920.0
P0301,PK03,29.656164383561645,3.56,106,128,22,19200.0
P0302,PK03,41.42328767123288,8.82,366,419,53,62850.0
P0303,PK06,1.7218036529680365,10.42,18,21,3,26250.0
P0304,PK03,0.9378365611714691,4.859999999999999,5,6,1,900.0
P0305,PK02,27.136986301369863,9.02,245,280,35,51800.0
P0310,PK03,2.924200913242009,6.44,19,22,3,3300.0
P0311,PK06,16.576198630136986,6.04,101,118,17,147500.0
P0312,PK03,533.8109589041096,6.82,3641,4206,565,630900.0
P0313,PK03,0.5835616438356165,4.54,3,4,1,600.0
P0314,PK06,3.9115068493150686,4.12,17,21,4,26250.0
P0315,PK01,416.2821917808219,6.04,2515,2923,408,350760.0
P0317,PK06,8.310958904109588,9.64,81,93,12,116250.0
P0318,PK03,10.04840182648402,9.64,97,111,14,16650.0
P0319,PK03,74.74246575342465,6.08,455,529,74,79350.0
P0320,PK03,15.816438356164383,9.16,145,166,21,24900.0
P0321,PK02,8.266849315068495,5.58,47,55,8,10175.0
P0324,PK06,1.7216894977168948,5.58,10,12,2,15000.0
P0325,PK03,13.810045662100457,9.64,134,153,19,22950.0
P0326,PK03,10.065753424657535,4.3,44,53,9,7950.0
P0327,PK03,32.06940639269406,6.22,200,233,33,34950.0
P0329,PK01,38.443835616438356,3.88,150,180,30,21600.0
P0330,PK03,30.13150684931507,5.58,169,198,29,29700.0
P0331,PK06,47.516164383561645,9.16,436,498,62,622500.0
P0332,PK03,22.33881278538813,6.82,153,177,24,26550.0
P0333,PK03,396.3424657534247,6.22,2466,2862,396,429300.0
P0334,PK03,31.832876712328765,7.98,255,293,38,43950.0
P0335,PK03,156.62739726027397,4.96,777,914,137,137100.0
P0336,PK02,13.801826484018264,9.64,134,153,19,28305.0
P0337,PK03,277.6068493150685,4.96,1377,1619,242,242850.0
P0338,PK06,1.8725404732254047,4.12,8,10,2,12500.0
P0339,PK06,0.5661529680365297,4.68,3,4,1,5000.0
P0340,PK03,21.901712328767122,9.64,212,242,30,36300.0
P0341,PK03,30.522260273972602,4.54,139,165,26,24750.0
P0342,PK03,19.144292237442922,8.82,169,194,25,29100.0
P0343,PK01,63.602739726027394,4.68,298,352,54,42240.0
P0345,PK03,41.3986301369863,10.12,419,477,58,71550.0
P0346,PK06,12.990998043052837,9.280000000000001,121,138,17,172500.0
P0347,PK02,15.462785388127854,3.58,56,68,12,12580.0
P0348,PK03,82.73698630136987,4.68,388,458,70,68700.0
P0349,PK02,10.50958904109589,4.96,53,63,10,11655.0
P0350,PK06,4.515068493150685,3.02,14,18,4,22500.0
P0351,PK02,4.7835616438356166,4.54,22,26,4,4810.0
P0352,PK06,1.3558904109589043,8.66,12,14,2,17500.0
P0353,PK03,20.623287671232877,4.779999999999999,99,117,18,17550.0
P0354,PK03,6.820091324200913,8.66,60,69,9,10350.0
P0355,PK06,1.5982876712328766,9.219999999999999,15,18,3,22500.0
P0356,PK02,8.287945205479453,4.54,38,45,7,8325.0
P0357,PK03,13.807762557077625,9.16,127,145,18,21750.0
P0358,PK06,0.7319634703196347,9.82,8,10,2,12500.0
P0359,PK02,1.7052511415525116,4.3,8,10,2,1850.0
P0360,PK02,6.842009132420092,8.9,61,70,9,12950.0
P0361,PK03,11.779908675799087,5.38,64,75,11,11250.0
P0362,PK06,0.9497716894977168,3.58,4,5,1,6250.0
P0363,PK03,26.359360730593608,8.82,233,267,34,40050.0
P0364,PK03,18.465753424657535,7.24,134,155,21,23250.0
P0365,PK06,10.03744292237443,7.98,81,93,12,116250.0
P0366,PK02,162.03698630136986,9.82,1592,1812,220,335220.0
P0367,PK03,20.72876712328767,5.38,112,131,19,19650.0
P0368,PK03,41.53150684931507,5.58,232,271,39,40650.0
P0369,PK06,1.6077625570776257,7.38,12,14,2,17500.0
P0370,PK03,13.743835616438357,4.96,69,82,13,12300.0
P0371,PK03,5.96027397260274,4.12,25,30,5,4500.0
P0372,PK06,1.1482496194824963,4.859999999999999,6,8,2,10000.0
P0373,PK02,43.023972602739725,7.98,344,395,51,73075.0
P0374,PK03,2.5919520547945205,8.4,22,26,4,3900.0
P0375,PK06,6.894977168949771,6.08,42,49,7,61250.0
P0376,PK03,27.536986301369865,4.54,126,149,23,22350.0
P0377,PK03,26.889041095890413,6.12,165,192,27,28800.0
P0378,PK03,60.08401826484018,4.54,273,323,50,48450.0
P0379,PK02,13.812785388127855,9.02,125,143,18,26455.0
P0380,PK03,6.77054794520548,5.58,38,45,7,6750.0
P0381,PK03,10.607610350076104,4.9,52,62,10,9300.0
P0382,PK03,28.946118721461186,8.66,251,287,36,43050.0
P0383,PK02,7.0517808219178075,4.3,31,37,6,6845.0
P0384,PK02,8.048767123287671,6.22,51,60,9,11100.0
P0385,PK06,3.9821917808219176,3.2,13,16,3,20000.0
P0386,PK03,31.720547945205478,5.58,178,208,30,31200.0
P0388,PK06,8.85949119373777,3.88,35,42,7,52500.0
P0389,PK03,2.3015220700152206,6.08,14,17,3,2550.0
P0390,PK02,8.285479452054794,4.18,35,42,7,7770.0
P0391,PK06,25.245792563600784,8.219999999999999,208,239,31,298750.0
P0392,PK06,2.5570205479452053,4.96,13,16,3,20000.0
P0393,PK03,500.986301369863,3.02,1513,1853,340,277950.0
P0394,PK01,35.15890410958904,6.08,214,249,35,29880.0
P0395,PK02,19.02922374429224,6.08,116,135,19,24975.0
P0396,PK03,29.975342465753425,6.82,205,237,32,35550.0
P0397,PK03,13.610958904109589,5.34,73,86,13,12900.0
P0398,PK03,4.154109589041096,4.96,21,25,4,3750.0
P0399,PK02,10.327739726027398,6.44,67,78,11,14430.0
P0400,PK03,5.189041095890411,8.4,44,51,7,7650.0
P0401,PK02,27.674885844748857,4.9,136,160,24,29600.0
P0403,PK06,7.478082191780822,10.12,76,87,11,108750.0
P0404,PK06,8.754794520547945,8.48,75,86,11,107500.0
P0405,PK03,82.93698630136986,9.64,800,912,112,136800.0
P0406,PK02,9.485844748858447,10.14,97,111,14,20535.0
P0408,PK01,41.465753424657535,3.1799999999999997,132,161,29,19320.0
P0409,PK02,0.6142262810755962,3.54,3,4,1,740.0
P0411,PK03,7.194785682722051,10.42,75,86,11,12900.0
P0412,PK02,11.6675799086758,9.64,113,129,16,23865.0
P0413,PK02,51.58538812785388,10.42,538,612,74,113220.0
P0414,PK03,7.567123287671233,10.14,77,88,11,13200.0
P0415,PK03,70.2958904109589,9.16,644,735,91,110250.0
P0416,PK03,31.654794520547945,6.2,197,229,32,34350.0
P0417,PK03,109.55479452054794,8.82,967,1105,138,165750.0
P0418,PK02,13.173059360730592,7.38,98,113,15,20905.0
P0419,PK03,152.76712328767124,5.38,822,962,140,144300.0
P0420,PK02,15.056849315068494,9.280000000000001,140,160,20,29600.0
P0421,PK02,10.168188736681888,3.58,37,45,8,8325.0
P0422,PK03,9.602739726027398,3.64,35,43,8,6450.0
P0423,PK02,2.0703196347031962,6.08,13,16,3,2960.0
P0424,PK02,40.4,9.16,371,424,53,78440.0
P0425,PK03,13.790867579908676,6.82,95,110,15,16500.0
P0426,PK06,2.5881849315068495,8.82,23,27,4,33750.0
P0427,PK06,12.311154598825832,8.82,109,125,16,156250.0
P0429,PK02,6.7832191780821915,10.14,69,79,10,14615.0
P0430,PK02,10.398630136986302,7.28,76,88,12,16280.0
P0431,PK03,82.53150684931506,8.82,728,832,104,124800.0
P0432,PK02,6.363561643835617,6.2,40,47,7,8695.0
P0434,PK06,42.081963470319636,6.04,255,297,42,371250.0
P0437,PK02,6.87716894977169,4.54,32,38,6,7030.0
P0438,PK03,35.16164383561644,5.58,197,230,33,34500.0
P0439,PK03,54.06027397260274,9.02,488,558,70,83700.0
P0441,PK02,20.010045662100456,3.02,61,75,14,13875.0
P0442,PK03,82.84657534246575,8.82,731,836,105,125400.0
P0444,PK03,17.5972602739726,3.58,63,76,13,11400.0
P0445,PK03,31.64840182648402,6.08,193,225,32,33750.0
P0446,PK02,10.368493150684932,7.98,83,96,13,17760.0
P0447,PK03,63.56438356164384,5.52,351,410,59,61500.0
P0448,PK06,3.4429223744292234,4.96,18,22,4,27500.0
P0450,PK03,36.01643835616438,6.82,246,285,39,42750.0
P0451,PK03,4.257077625570776,8.4,36,42,6,6300.0
P0452,PK03,27.660273972602738,3.2,89,109,20,16350.0
P0453,PK02,8.292876712328766,10.12,84,96,12,17760.0
P0454,PK03,0.8921232876712328,8.66,8,10,2,1500.0
P0455,PK03,97.65205479452055,3.64,356,429,73,64350.0
P0456,PK06,27.906621004566208,6.44,180,209,29,261250.0
P0457,PK06,2.9199608610567513,8.82,26,30,4,37500.0
P0458,PK06,7.470547945205479,4.859999999999999,37,44,7,55000.0
P0459,PK02,20.713698630136985,8.48,176,202,26,37370.0
P0461,PK03,27.601826484018265,4.859999999999999,135,159,24,23850.0
P0463,PK03,17.645205479452056,8.82,156,179,23,26850.0
P0465,PK03,82.84383561643835,3.56,295,356,61,53400.0
P0466,PK02,5.228767123287671,7.44,39,45,6,8325.0
P0467,PK03,82.6,9.02,746,852,106,127800.0
P0468,PK03,48.272602739726025,5.54,268,313,45,46950.0
P0469,PK02,41.93972602739726,4.12,173,207,34,38295.0
P0470,PK03,180.0904109589041,7.98,1438,1650,212,247500.0
P0471,PK03,1.6660143509458578,6.08,11,13,2,1950.0
P0472,PK01,15.810958904109588,3.88,62,75,13,9000.0
P0473,PK02,10.78054794520548,6.08,66,77,11,14245.0
P0475,PK02,7.414520547945206,9.64,72,82,10,15170.0
P0477,PK01,41.37260273972603,3.54,147,178,31,21360.0
P0478,PK06,0.6558219178082192,10.14,7,8,1,10000.0
P0479,PK03,20.682191780821917,7.44,154,178,24,26700.0
P0481,PK03,47.38013698630137,4.3,204,243,39,36450.0
P0482,PK03,23.81917808219178,8.66,207,237,30,35550.0
P0483,PK02,11.467465753424657,9.64,111,127,16,23495.0
P0484,PK03,51.118721461187214,5.34,273,320,47,48000.0
P0485,PK06,2.301369863013699,8.5,20,23,3,28750.0
P0486,PK01,233.63561643835615,5.58,1304,1523,219,182760.0
P0487,PK03,73.91780821917808,4.96,367,432,65,64800.0
P0488,PK03,20.12054794520548,9.64,194,221,27,33150.0
P0489,PK02,27.651712328767122,7.24,201,232,31,42920.0
P0492,PK03,9.548858447488584,5.58,54,63,9,9450.0
P0493,PK03,68.6013698630137,4.96,341,401,60,60150.0
P0494,PK02,87.55433789954338,9.64,845,963,118,178155.0
P0496,PK02,34.363013698630134,3.02,104,128,24,23680.0
P0497,PK03,10.623287671232877,3.54,38,46,8,6900.0
P0498,PK03,10.337157534246575,7.28,76,88,12,13200.0
P0499,PK01,110.71232876712328,9.64,1068,1217,149,146040.0
P0500,PK03,17.53698630136986,4.859999999999999,86,102,16,15300.0
P0501,PK06,1.5123795027904618,4.9,8,10,2,12500.0
P0502,PK03,13.786301369863013,6.2,86,100,14,15000.0
P0503,PK02,27.75525114155251,3.2,89,109,20,20165.0
P0504,PK03,13.800913242009132,9.64,134,153,19,22950.0
P0505,PK01,289.0821917808219,5.54,1602,1871,269,224520.0
P0506,PK03,10.342123287671233,5.58,58,68,10,10200.0
P0507,PK02,52.10319634703197,5.38,281,329,48,60865.0
P0508,PK06,1.5852054794520547,9.82,16,19,3,23750.0
P0509,PK03,6.961643835616439,3.64,26,32,6,4800.0
P0510,PK03,27.55068493150685,4.9,135,159,24,23850.0
P0511,PK03,50.35342465753425,9.64,486,554,68,83100.0
P0512,PK01,54.487671232876714,4.54,248,294,46,35280.0
P0513,PK06,20.755479452054793,9.82,204,233,29,291250.0
P0514,PK03,27.560730593607307,3.1799999999999997,88,108,20,16200.0
P0515,PK06,6.240068493150685,3.2,20,25,5,31250.0
P0517,PK01,35.172602739726024,9.64,340,388,48,46560.0
P0518,PK03,105.47671232876712,5.54,585,684,99,102600.0
P0519,PK02,35.176712328767124,8.5,300,344,44,63640.0
P0520,PK02,0.8756164383561643,6.12,6,7,1,1295.0
P0521,PK03,63.793150684931504,7.44,475,547,72,82050.0
P0522,PK06,39.75013698630137,8.219999999999999,327,375,48,468750.0
P0524,PK03,0.5799847792998478,4.12,3,4,1,600.0
P0525,PK03,25.594520547945205,3.02,78,96,18,14400.0
P0526,PK03,20.6,4.859999999999999,101,119,18,17850.0
P0527,PK03,82.7013698630137,3.56,295,356,61,53400.0
P0528,PK03,30.106849315068494,8.66,261,299,38,44850.0
P0529,PK06,5.425925925925926,8.82,48,55,7,68750.0
P0530,PK06,8.24931506849315,9.64,80,92,12,115000.0
P0531,PK01,76.1972602739726,5.84,445,519,74,62280.0
P0532,PK03,50.17876712328767,5.34,268,314,46,47100.0
P0533,PK03,7.536986301369862,7.24,55,64,9,9600.0
P0535,PK01,67.9013698630137,4.859999999999999,331,390,59,46800.0
P0536,PK01,41.49589041095891,9.64,401,457,56,54840.0
P0537,PK03,80.6027397260274,4.96,400,471,71,70650.0
P0538,PK03,8.808219178082192,4.96,44,52,8,7800.0
P0539,PK03,24.6986301369863,7.98,198,228,30,34200.0
P0540,PK02,10.344520547945205,9.219999999999999,96,110,14,20350.0
P0541,PK01,199.47671232876712,9.64,1923,2191,268,262920.0
P0542,PK03,3.9771689497716896,6.08,25,29,4,4350.0
P0543,PK03,27.106849315068494,8.48,230,264,34,39600.0
P0544,PK03,145.53698630136986,8.66,1261,1442,181,216300.0
P0545,PK02,92.87397260273973,10.4,966,1098,132,203130.0
P0546,PK02,61.83744292237443,10.42,645,733,88,135605.0
P0547,PK03,21.961301369863012,9.64,212,242,30,36300.0
P0549,PK02,170.8835616438356,9.64,1648,1877,229,347245.0
P0550,PK02,42.536986301369865,4.54,194,230,36,42550.0
P0551,PK03,80.80639269406393,5.34,432,506,74,75900.0
P0552,PK03,70.00821917808219,9.64,675,769,94,115350.0
P0553,PK03,20.63972602739726,4.9,102,120,18,18000.0
P0554,PK03,41.33287671232877,3.64,151,182,31,27300.0
P0555,PK06,16.547671232876713,6.12,102,119,17,148750.0
P0556,PK03,245.41643835616438,6.12,1502,1745,243,261750.0
P0557,PK01,20.915068493150685,3.02,64,79,15,9480.0
P0558,PK03,63.821917808219176,3.2,205,250,45,37500.0
P0559,PK02,110.8958904109589,4.859999999999999,539,635,96,117475.0
P0560,PK06,2.2617960426179606,5.34,13,16,3,20000.0
P0561,PK03,126.79452054794521,10.42,1322,1502,180,225300.0
P0562,PK03,41.51780821917808,8.219999999999999,342,392,50,58800.0
P0563,PK06,1.0356849315068493,3.2,4,5,1,6250.0
P0564,PK03,49.21095890410959,9.82,484,551,67,82650.0
P0565,PK03,15.816438356164383,9.64,153,175,22,26250.0
P0566,PK03,7.95296803652968,6.08,49,57,8,8550.0
P0567,PK03,95.21232876712328,4.779999999999999,456,538,82,80700.0
P0568,PK03,38.21369863013699,6.82,261,302,41,45300.0
P0569,PK02,66.40753424657534,3.1799999999999997,212,259,47,47915.0
P0570,PK03,10.336643835616439,5.58,58,68,10,10200.0
P0571,PK02,7.383013698630137,5.58,42,49,7,9065.0
P0572,PK06,3.421461187214612,3.64,13,16,3,20000.0
P0574,PK02,55.78150684931507,10.14,566,644,78,119140.0
P0575,PK03,45.323287671232876,6.08,276,321,45,48150.0
P0576,PK03,13.782648401826485,5.58,77,90,13,13500.0
P0577,PK02,3.386986301369863,4.96,17,20,3,3700.0
P0578,PK02,126.57123287671233,4.68,593,700,107,129500.0
P0579,PK03,159.51415525114155,3.02,482,591,109,88650.0
P0580,PK03,54.323287671232876,6.12,333,387,54,58050.0
P0581,PK02,5.24986301369863,5.54,30,35,5,6475.0
P0582,PK03,27.084931506849315,8.219999999999999,223,256,33,38400.0
P0583,PK02,23.498356164383562,4.12,97,116,19,21460.0
P0584,PK02,8.780479452054795,8.219999999999999,73,84,11,15540.0
P0585,PK02,75.66986301369863,7.24,548,632,84,116920.0
P0586,PK03,35.48584474885845,4.54,162,192,30,28800.0
P0588,PK02,27.981369863013697,7.24,203,234,31,43290.0
P0589,PK03,0.5309132420091324,4.54,3,4,1,600.0
P0590,PK03,20.705479452054796,4.9,102,120,18,18000.0
P0591,PK06,13.79269406392694,8.66,120,138,18,172500.0
P0592,PK01,60.11232876712329,9.219999999999999,555,634,79,76080.0
P0593,PK02,34.74611872146119,5.54,193,226,33,41810.0
P0594,PK02,13.824657534246576,4.779999999999999,67,79,12,14615.0
P0595,PK02,57.19634703196348,7.98,457,525,68,97125.0
P0596,PK03,20.735616438356164,3.02,63,78,15,11700.0
P0597,PK03,35.05068493150685,4.9,172,203,31,30450.0
P0598,PK03,13.782648401826485,9.280000000000001,128,146,18,21900.0
P0599,PK03,31.861643835616437,4.9,157,185,28,27750.0
