part_id,supplier_id,description,unit_weight_kg,unit_volume_m3,part_length_m,part_width_m,part_height_m,unit_value_eur,criticality,damage_sensitivity,handling_class,stackable,returnable_eligible,line_family,bom_A,bom_B,bom_C,bom_D
P0000,S055,Synthetic automotive component 0000,3.4112,0.019811,0.4421,0.3783,0.1184,66.3,medium,0.4533,manual,True,True,electronics,2,2,2,2
P0001,S012,Synthetic automotive component 0001,14.8465,0.155956,1.3137,0.5437,0.2183,37.29,low,0.177,assisted,False,True,body,6,0,7,6
P0002,S011,Synthetic automotive component 0002,11.7491,0.083292,0.6448,0.6332,0.204,1.76,low,0.5108,assisted,False,True,thermal,4,0,0,0
P0003,S013,Synthetic automotive component 0003,21.4094,0.129182,0.9041,0.6207,0.2302,4.58,low,0.3001,assisted,True,True,powertrain,7,0,7,0
P0004,S023,Synthetic automotive component 0004,2.127,0.012145,0.3369,0.2652,0.1359,71.84,medium,0.3939,manual,True,True,interior,1,1,1,1
P0005,S055,Synthetic automotive component 0005,8.744,0.024138,0.4278,0.4841,0.1166,10.41,medium,0.2744,assisted,True,True,interior,2,2,2,2
P0006,S053,Synthetic automotive component 0006,1.7561,0.014958,0.421,0.3246,0.1094,2.73,medium,0.5866,manual,True,True,thermal,0,1,1,1
P0007,S032,Synthetic automotive component 0007,0.7944,0.002314,0.2231,0.1358,0.0764,11.0,medium,0.8683,manual,True,True,electronics,5,4,4,3
P0008,S016,Synthetic automotive component 0008,3.6168,0.025754,0.4767,0.3971,0.136,32.57,critical,0.397,manual,False,True,body,3,4,0,4
P0009,S053,Synthetic automotive component 0009,0.1245,0.000396,0.1558,0.0876,0.029,7.44,medium,0.4581,manual,True,True,thermal,1,0,1,0
P0010,S023,Synthetic automotive component 0010,4.8461,0.049623,0.6052,0.4971,0.1649,7.33,medium,0.4994,manual,True,True,electronics,13,11,12,13
P0011,S000,Synthetic automotive component 0011,0.2508,0.000776,0.1948,0.1095,0.0364,36.06,low,0.1822,manual,True,True,thermal,4,3,0,5
P0012,S034,Synthetic automotive component 0012,1.2134,0.004623,0.3093,0.2249,0.0665,4.09,medium,0.2417,manual,True,True,chassis,1,1,1,1
P0013,S051,Synthetic automotive component 0013,2.6267,0.006718,0.4018,0.1952,0.0857,6.6,medium,0.0943,manual,True,True,chassis,1,1,0,1
P0014,S046,Synthetic automotive component 0014,1.1343,0.005755,0.3783,0.2177,0.0699,163.39,high,0.2719,manual,True,True,body,1,0,0,1
P0015,S032,Synthetic automotive component 0015,2.8568,0.012505,0.4198,0.2518,0.1183,2.84,low,0.3874,manual,True,True,thermal,1,1,1,0
P0016,S000,Synthetic automotive component 0016,2.4242,0.008376,0.4589,0.2395,0.0762,48.42,low,0.2168,manual,True,True,body,0,0,10,0
P0017,S023,Synthetic automotive component 0017,4.2919,0.023759,0.4924,0.3011,0.1603,5.64,critical,0.4263,manual,False,True,body,1,1,1,1
P0018,S059,Synthetic automotive component 0018,3.7228,0.012009,0.3502,0.244,0.1405,7.5,medium,0.4546,manual,True,True,thermal,4,4,3,5
P0019,S009,Synthetic automotive component 0019,1.9754,0.015764,0.3826,0.3695,0.1115,15.56,high,0.429,manual,True,True,body,9,10,0,8
P0020,S030,Synthetic automotive component 0020,2.7811,0.070014,0.8216,0.518,0.1645,50.02,high,0.2536,assisted,True,True,electronics,1,0,0,0
P0021,S015,Synthetic automotive component 0021,3.8821,0.019935,0.4939,0.3546,0.1138,9.96,high,0.3339,manual,True,True,electronics,2,0,0,0
P0022,S048,Synthetic automotive component 0022,2.5504,0.006509,0.3281,0.2722,0.0729,21.94,medium,0.403,manual,True,True,electronics,0,1,1,0
P0023,S017,Synthetic automotive component 0023,9.1338,0.038131,0.5898,0.4655,0.1389,91.61,low,0.1622,assisted,False,True,interior,7,6,0,9
P0024,S050,Synthetic automotive component 0024,1.2522,0.007644,0.3899,0.2692,0.0728,4.71,medium,0.2941,manual,True,True,body,1,1,1,1
P0025,S006,Synthetic automotive component 0025,0.4741,0.001637,0.2295,0.1272,0.0561,1.93,medium,0.3599,manual,True,True,interior,11,13,0,0
P0026,S002,Synthetic automotive component 0026,1.2587,0.004536,0.2711,0.2136,0.0783,2.61,medium,0.2232,manual,True,True,electronics,7,0,0,7
P0027,S042,Synthetic automotive component 0027,1.1365,0.01024,0.4031,0.2501,0.1016,20.34,low,0.7125,manual,True,True,powertrain,0,0,1,0
P0028,S033,Synthetic automotive component 0028,2.8303,0.095334,0.8869,0.5822,0.1846,11.32,medium,0.4802,assisted,True,True,powertrain,6,7,6,10
P0029,S009,Synthetic automotive component 0029,1.8061,0.014639,0.3732,0.3849,0.1019,7.78,medium,0.3206,manual,True,True,electronics,2,0,2,2
P0030,S027,Synthetic automotive component 0030,2.8108,0.029043,0.564,0.3894,0.1322,70.62,low,0.4508,manual,True,True,body,2,2,2,2
P0031,S031,Synthetic automotive component 0031,0.8495,0.005552,0.2717,0.288,0.071,3.88,medium,0.1363,manual,True,True,powertrain,13,13,10,15
P0032,S032,Synthetic automotive component 0032,2.9205,0.017418,0.4958,0.3349,0.1049,23.0,medium,0.5798,manual,True,True,interior,1,1,1,0
P0033,S018,Synthetic automotive component 0033,3.3701,0.004841,0.2763,0.1951,0.0898,62.06,medium,0.2973,manual,True,True,body,13,15,0,13
P0034,S005,Synthetic automotive component 0034,0.8513,0.002166,0.2354,0.1836,0.0501,63.51,low,0.2375,manual,True,True,electronics,3,4,0,3
P0035,S020,Synthetic automotive component 0035,0.7903,0.005196,0.3599,0.2156,0.067,4.61,low,0.2839,manual,True,True,chassis,5,4,3,5
P0036,S053,Synthetic automotive component 0036,3.9825,0.031877,0.5256,0.3842,0.1578,19.33,low,0.3219,manual,True,True,thermal,0,4,4,4
P0037,S009,Synthetic automotive component 0037,1.542,0.020059,0.5072,0.3104,0.1274,11.05,medium,0.0898,manual,True,True,powertrain,1,1,1,1
P0038,S009,Synthetic automotive component 0038,23.87,0.129687,0.7972,0.6449,0.2523,1.54,medium,0.4305,assisted,False,True,electronics,0,2,2,2
P0039,S045,Synthetic automotive component 0039,0.968,0.003905,0.2545,0.1954,0.0785,34.84,medium,0.2491,manual,True,True,powertrain,1,1,1,1
P0040,S022,Synthetic automotive component 0040,8.5961,0.065414,0.7139,0.5187,0.1766,27.89,medium,0.4185,assisted,True,True,chassis,1,1,1,0
P0041,S009,Synthetic automotive component 0041,0.775,0.005069,0.2809,0.1917,0.0941,19.19,medium,0.3599,manual,True,True,thermal,0,1,1,1
P0042,S040,Synthetic automotive component 0042,1.5557,0.011121,0.484,0.2807,0.0818,62.23,medium,0.2056,manual,True,True,electronics,2,2,2,2
P0043,S053,Synthetic automotive component 0043,0.7885,0.001646,0.2131,0.1522,0.0508,27.82,low,0.0948,manual,True,True,interior,6,5,7,0
P0044,S030,Synthetic automotive component 0044,3.6021,0.022787,0.4495,0.4252,0.1192,11.75,medium,0.367,manual,True,True,chassis,1,1,0,1
P0045,S000,Synthetic automotive component 0045,11.4476,0.049667,0.5689,0.5177,0.1686,58.78,medium,0.6117,assisted,True,True,electronics,1,1,1,1
P0046,S036,Synthetic automotive component 0046,2.305,0.010622,0.35,0.3216,0.0944,19.01,low,0.2779,manual,True,True,interior,0,2,2,2
P0047,S015,Synthetic automotive component 0047,4.0002,0.016796,0.4819,0.2765,0.1261,10.91,medium,0.0776,manual,False,True,interior,5,4,4,5
P0048,S026,Synthetic automotive component 0048,2.2639,0.009652,0.3132,0.3481,0.0885,7.72,medium,0.1261,manual,False,True,interior,1,0,1,1
P0049,S053,Synthetic automotive component 0049,4.2873,0.031105,0.5464,0.3765,0.1512,12.08,low,0.2698,manual,True,False,thermal,2,2,2,2
P0050,S032,Synthetic automotive component 0050,2.6874,0.022994,0.5204,0.4154,0.1063,5.29,low,0.2735,manual,False,True,powertrain,1,1,1,0
P0051,S009,Synthetic automotive component 0051,0.6613,0.001864,0.1706,0.159,0.0687,1.81,low,0.3131,manual,False,True,body,2,2,2,2
P0052,S027,Synthetic automotive component 0052,6.2182,0.028243,0.5716,0.3654,0.1352,159.92,high,0.1629,manual,True,True,powertrain,1,1,0,1
P0053,S018,Synthetic automotive component 0053,1.5425,0.006625,0.3013,0.2956,0.0744,28.55,low,0.4191,manual,True,True,electronics,0,2,2,2
P0054,S004,Synthetic automotive component 0054,1.27,0.003852,0.2422,0.2093,0.076,38.92,low,0.5497,manual,True,True,electronics,6,5,5,5
P0055,S023,Synthetic automotive component 0055,5.232,0.010851,0.3596,0.3512,0.0859,12.54,high,0.2858,manual,True,True,thermal,2,2,2,2
P0056,S023,Synthetic automotive component 0056,1.4309,0.004077,0.3255,0.2011,0.0623,19.59,low,0.0576,manual,True,True,body,2,2,2,2
P0057,S058,Synthetic automotive component 0057,2.0308,0.021646,0.5029,0.3485,0.1235,215.71,low,0.5748,manual,False,True,body,14,0,13,9
P0058,S017,Synthetic automotive component 0058,8.7105,0.029842,0.5026,0.3561,0.1667,10.39,low,0.1735,assisted,True,False,interior,1,1,1,1
P0059,S010,Synthetic automotive component 0059,9.0748,0.031539,0.5295,0.3763,0.1583,34.11,medium,0.2606,assisted,True,True,interior,0,2,2,2
P0060,S001,Synthetic automotive component 0060,4.3528,0.013145,0.3508,0.2477,0.1513,0.82,low,0.2411,manual,True,True,electronics,0,0,3,4
P0061,S004,Synthetic automotive component 0061,4.0367,0.003925,0.2733,0.2193,0.0655,5.63,high,0.4019,manual,True,True,powertrain,9,11,13,0
P0062,S033,Synthetic automotive component 0062,1.7112,0.002819,0.2462,0.1813,0.0632,3.23,critical,0.146,manual,True,True,thermal,0,0,0,2
P0063,S003,Synthetic automotive component 0063,45.9396,0.276025,1.2485,0.7696,0.2873,18.93,medium,0.1216,mechanical,True,True,body,7,6,5,0
P0064,S044,Synthetic automotive component 0064,8.3943,0.013344,0.5172,0.275,0.0938,19.95,high,0.1154,assisted,True,True,electronics,2,2,2,2
P0065,S024,Synthetic automotive component 0065,2.5995,0.008016,0.4326,0.2265,0.0818,13.17,low,0.3572,manual,True,True,powertrain,1,1,1,1
P0066,S020,Synthetic automotive component 0066,0.5686,0.001478,0.2504,0.1353,0.0436,28.14,medium,0.2554,manual,False,True,interior,0,4,0,3
P0067,S045,Synthetic automotive component 0067,1.2484,0.003405,0.2653,0.1588,0.0808,92.11,medium,0.2044,manual,True,False,body,0,7,6,5
P0068,S016,Synthetic automotive component 0068,10.8715,0.012934,0.4197,0.2582,0.1194,15.51,medium,0.3771,assisted,False,True,electronics,1,1,1,0
P0069,S016,Synthetic automotive component 0069,8.57,0.050987,0.7618,0.3823,0.1751,50.04,medium,0.3419,assisted,False,True,body,2,2,2,2
P0070,S046,Synthetic automotive component 0070,5.502,0.006269,0.3727,0.2177,0.0773,96.82,medium,0.1779,manual,True,True,interior,1,0,1,1
P0071,S004,Synthetic automotive component 0071,10.323,0.059245,0.6965,0.4132,0.2058,8.32,low,0.33,assisted,True,True,thermal,1,1,1,0
P0072,S027,Synthetic automotive component 0072,2.8083,0.012753,0.5457,0.2546,0.0918,28.93,medium,0.0706,manual,True,True,chassis,0,2,2,2
P0073,S034,Synthetic automotive component 0073,21.8172,0.132751,0.8446,0.6474,0.2428,57.5,low,0.0838,assisted,True,True,interior,1,0,1,1
P0074,S049,Synthetic automotive component 0074,1.9938,0.006159,0.3445,0.1856,0.0963,494.13,critical,0.3356,manual,True,True,chassis,1,1,1,1
P0075,S003,Synthetic automotive component 0075,2.232,0.01319,0.4868,0.258,0.105,15.6,low,0.2299,manual,True,True,interior,2,2,2,2
P0076,S020,Synthetic automotive component 0076,0.9545,0.001883,0.2078,0.1799,0.0504,3538.83,low,0.4717,manual,True,True,powertrain,1,1,1,1
P0077,S046,Synthetic automotive component 0077,0.787,0.008947,0.4436,0.2493,0.0809,7.6,medium,0.129,manual,True,True,interior,1,1,1,0
P0078,S046,Synthetic automotive component 0078,1.1307,0.014727,0.4814,0.2976,0.1028,5.95,medium,0.1213,manual,True,True,powertrain,0,0,1,1
P0079,S056,Synthetic automotive component 0079,43.4883,0.184146,0.9549,0.8187,0.2355,26.81,medium,0.3426,mechanical,True,True,electronics,8,9,10,6
P0080,S055,Synthetic automotive component 0080,1.0543,0.012473,0.4499,0.3195,0.0868,11.59,high,0.1928,manual,True,True,chassis,4,4,5,4
P0081,S027,Synthetic automotive component 0081,0.6244,0.005358,0.3172,0.2109,0.0801,14.6,medium,0.2628,manual,True,True,chassis,4,0,5,0
P0082,S003,Synthetic automotive component 0082,4.4635,0.005599,0.3158,0.23,0.0771,7.53,medium,0.3029,manual,True,True,electronics,1,1,1,1
P0083,S014,Synthetic automotive component 0083,6.484,0.020645,0.6127,0.3142,0.1072,24.75,medium,0.1969,manual,True,True,interior,0,0,0,6
P0084,S022,Synthetic automotive component 0084,5.2714,0.016037,0.3647,0.2785,0.1579,3.84,low,0.5196,manual,True,True,powertrain,2,2,2,0
P0085,S011,Synthetic automotive component 0085,0.1546,0.000153,0.0847,0.0661,0.0274,30.95,low,0.4003,manual,True,True,thermal,1,0,1,1
P0086,S024,Synthetic automotive component 0086,18.3053,0.111685,0.9457,0.5953,0.1984,8.8,low,0.2043,assisted,True,False,thermal,2,2,0,2
P0087,S020,Synthetic automotive component 0087,1.485,0.00449,0.2908,0.1966,0.0785,28.43,medium,0.3627,manual,True,True,interior,2,2,2,2
P0088,S012,Synthetic automotive component 0088,1.6802,0.003641,0.3147,0.1755,0.0659,8.7,medium,0.4013,manual,False,True,interior,0,2,2,2
P0089,S010,Synthetic automotive component 0089,11.5185,0.04011,0.7483,0.4192,0.1279,25.05,low,0.33,assisted,True,True,body,2,2,2,2
P0090,S030,Synthetic automotive component 0090,3.461,0.004336,0.3126,0.1751,0.0792,14.48,low,0.382,manual,True,True,thermal,1,1,1,1
P0091,S054,Synthetic automotive component 0091,2.7886,0.008379,0.3363,0.3158,0.0789,2.42,high,0.5539,manual,True,True,body,2,2,2,2
P0092,S017,Synthetic automotive component 0092,3.0918,0.05991,0.5845,0.5137,0.1995,19.25,medium,0.6745,manual,True,False,electronics,1,1,1,1
P0093,S033,Synthetic automotive component 0093,3.3171,0.029364,0.4131,0.4151,0.1712,10.62,medium,0.4256,manual,True,True,body,1,1,1,1
P0094,S033,Synthetic automotive component 0094,3.5735,0.029528,0.5113,0.3538,0.1632,12.57,medium,0.2626,manual,True,True,interior,2,2,2,2
P0095,S019,Synthetic automotive component 0095,4.5066,0.029897,0.58,0.409,0.126,17.81,medium,0.5163,manual,True,True,powertrain,2,0,2,2
P0096,S027,Synthetic automotive component 0096,2.3596,0.01126,0.4168,0.2341,0.1154,24.18,medium,0.2293,manual,False,False,powertrain,15,0,10,9
P0097,S036,Synthetic automotive component 0097,2.0167,0.002681,0.2702,0.1548,0.0641,94.52,high,0.3314,manual,True,True,electronics,2,2,2,2
P0098,S024,Synthetic automotive component 0098,2.0912,0.018077,0.5113,0.3532,0.1001,23.78,low,0.3945,manual,True,True,powertrain,1,1,1,1
P0099,S030,Synthetic automotive component 0099,1.6077,0.004537,0.2716,0.2062,0.081,168.36,critical,0.7828,manual,True,False,thermal,0,0,1,1
P0100,S030,Synthetic automotive component 0100,11.0029,0.05727,0.6951,0.5365,0.1536,8.25,medium,0.126,assisted,False,True,powertrain,4,0,3,3
P0101,S021,Synthetic automotive component 0101,0.822,0.002448,0.2137,0.183,0.0626,76.36,low,0.3981,manual,True,False,body,13,11,12,12
P0102,S000,Synthetic automotive component 0102,27.595,0.032237,0.5664,0.4486,0.1269,23.67,critical,0.2033,mechanical,False,True,body,1,1,1,0
P0103,S036,Synthetic automotive component 0103,2.0032,0.010484,0.3933,0.2368,0.1126,12.48,high,0.5363,manual,True,True,electronics,1,1,1,0
P0104,S026,Synthetic automotive component 0104,4.5912,0.015039,0.3917,0.2994,0.1282,39.65,medium,0.5752,manual,True,True,body,1,1,1,1
P0105,S026,Synthetic automotive component 0105,5.2639,0.057827,0.7553,0.4795,0.1597,26.83,low,0.1912,manual,False,True,interior,6,0,6,5
P0106,S027,Synthetic automotive component 0106,12.2644,0.102611,0.8484,0.6821,0.1773,4.25,medium,0.2202,assisted,True,True,thermal,0,4,4,0
P0107,S005,Synthetic automotive component 0107,3.7228,0.00684,0.4679,0.1967,0.0743,22.66,low,0.3931,manual,True,True,powertrain,8,7,9,0
P0108,S046,Synthetic automotive component 0108,12.6477,0.01563,0.5639,0.2695,0.1028,3.59,medium,0.1409,assisted,True,True,powertrain,0,2,2,2
P0109,S050,Synthetic automotive component 0109,17.3257,0.165241,0.8,0.6052,0.3413,26.71,low,0.1163,assisted,True,False,chassis,0,13,0,0
P0110,S041,Synthetic automotive component 0110,0.8914,0.002851,0.306,0.1606,0.058,3.64,medium,0.3394,manual,True,True,electronics,2,0,0,0
P0111,S053,Synthetic automotive component 0111,0.614,0.003982,0.2522,0.1865,0.0846,44.94,high,0.267,manual,True,True,electronics,1,1,1,1
P0112,S026,Synthetic automotive component 0112,3.3525,0.107248,0.9301,0.5794,0.199,19.46,low,0.474,assisted,True,True,chassis,1,1,1,0
P0113,S021,Synthetic automotive component 0113,1.0577,0.002815,0.2528,0.1728,0.0644,1.95,high,0.1033,manual,True,False,electronics,0,0,2,2
P0114,S055,Synthetic automotive component 0114,20.1952,0.238284,1.1718,0.7566,0.2688,9.98,high,0.3123,mechanical,True,True,thermal,2,0,2,0
P0115,S024,Synthetic automotive component 0115,7.8288,0.058737,0.7759,0.4836,0.1565,3.26,low,0.4563,manual,True,False,interior,1,0,1,0
P0116,S052,Synthetic automotive component 0116,5.0399,0.013181,0.4894,0.2903,0.0928,45.09,critical,0.0764,manual,True,True,electronics,0,2,2,2
P0117,S030,Synthetic automotive component 0117,1.2555,0.013389,0.4124,0.2704,0.1201,8.76,high,0.5251,manual,True,True,thermal,1,1,1,1
P0118,S046,Synthetic automotive component 0118,1.9551,0.002539,0.2813,0.1732,0.0521,23.54,medium,0.2312,manual,True,True,powertrain,0,2,2,0
P0119,S059,Synthetic automotive component 0119,1.502,0.004946,0.3086,0.2245,0.0714,31.38,low,0.4264,manual,True,True,body,1,0,1,1
P0120,S047,Synthetic automotive component 0120,4.356,0.017811,0.4229,0.414,0.1017,4.63,medium,0.2678,manual,True,True,interior,1,1,1,0
P0121,S020,Synthetic automotive component 0121,10.3595,0.033429,0.7647,0.3571,0.1224,50.33,medium,0.6029,assisted,True,True,thermal,1,1,0,1
P0122,S053,Synthetic automotive component 0122,0.6967,0.001876,0.2111,0.162,0.0549,3.55,low,0.2606,manual,True,True,powertrain,9,10,0,10
P0123,S040,Synthetic automotive component 0123,3.007,0.005751,0.3887,0.198,0.0747,2.27,low,0.4257,manual,True,True,interior,1,0,1,1
P0124,S009,Synthetic automotive component 0124,1.3536,0.011218,0.4726,0.2689,0.0883,7.16,high,0.1141,manual,False,True,body,2,2,0,2
P0125,S003,Synthetic automotive component 0125,0.5842,0.001173,0.174,0.1509,0.0447,1.22,high,0.1899,manual,True,True,chassis,0,1,0,1
P0126,S044,Synthetic automotive component 0126,4.2444,0.026981,0.6869,0.3413,0.1151,28.9,medium,0.1201,manual,True,False,interior,1,1,1,1
P0127,S012,Synthetic automotive component 0127,6.2267,0.051441,0.6005,0.4587,0.1867,11.1,medium,0.3067,manual,True,True,body,2,2,2,2
P0128,S043,Synthetic automotive component 0128,4.657,0.008772,0.4537,0.2292,0.0844,2.7,medium,0.0428,manual,True,True,thermal,0,7,7,5
P0129,S051,Synthetic automotive component 0129,3.6078,0.019226,0.4547,0.3409,0.124,60.51,high,0.2725,manual,False,True,interior,2,2,2,2
P0130,S022,Synthetic automotive component 0130,7.5716,0.01889,0.4283,0.3946,0.1118,10.23,medium,0.1737,manual,True,True,powertrain,1,1,1,1
P0131,S009,Synthetic automotive component 0131,11.7106,0.056685,0.9148,0.4117,0.1505,9.65,medium,0.2347,assisted,True,False,interior,11,14,0,11
P0132,S000,Synthetic automotive component 0132,3.2836,0.025634,0.5295,0.3018,0.1604,22.83,medium,0.1526,manual,True,True,powertrain,0,2,2,0
P0133,S049,Synthetic automotive component 0133,1.5259,0.009184,0.5031,0.2125,0.0859,63.89,low,0.086,manual,True,True,chassis,4,3,4,0
P0134,S016,Synthetic automotive component 0134,19.2826,0.131094,0.7588,0.768,0.2249,4.82,critical,0.2714,assisted,True,True,electronics,1,1,1,0
P0135,S018,Synthetic automotive component 0135,2.5678,0.02153,0.4775,0.3162,0.1426,45.13,medium,0.0677,manual,True,True,chassis,5,4,0,4
P0136,S009,Synthetic automotive component 0136,1.3866,0.007741,0.4396,0.2355,0.0748,26.29,medium,0.3242,manual,True,True,body,1,1,1,1
P0137,S016,Synthetic automotive component 0137,7.9307,0.008873,0.2856,0.3389,0.0917,37.37,low,0.5338,manual,True,True,powertrain,0,1,0,0
P0138,S048,Synthetic automotive component 0138,6.7433,0.040178,0.7441,0.3911,0.1381,19.99,high,0.2614,manual,True,True,chassis,1,1,1,1
P0139,S008,Synthetic automotive component 0139,6.0367,0.133771,0.9037,0.6043,0.245,13.66,medium,0.124,assisted,True,True,interior,8,9,0,0
P0140,S024,Synthetic automotive component 0140,2.4121,0.029555,0.6628,0.3907,0.1141,12.05,low,0.3282,manual,True,True,electronics,0,5,5,5
P0141,S053,Synthetic automotive component 0141,17.4466,0.067087,0.7768,0.5102,0.1693,95.37,low,0.0718,assisted,True,True,chassis,1,1,1,1
P0142,S014,Synthetic automotive component 0142,5.1982,0.061526,0.7108,0.5751,0.1505,5.6,medium,0.2578,assisted,True,True,body,0,0,2,2
P0143,S030,Synthetic automotive component 0143,1.6575,0.011623,0.3009,0.3121,0.1238,7.56,medium,0.1967,manual,True,False,electronics,0,0,0,2
P0144,S023,Synthetic automotive component 0144,2.543,0.012411,0.4973,0.2493,0.1001,21.78,low,0.492,manual,True,False,interior,2,2,2,2
P0145,S046,Synthetic automotive component 0145,2.0631,0.008754,0.3597,0.2974,0.0818,10.61,medium,0.1809,manual,True,True,chassis,4,4,5,4
P0146,S030,Synthetic automotive component 0146,3.3215,0.015667,0.4923,0.3251,0.0979,11.04,medium,0.4714,manual,True,True,thermal,0,1,0,0
P0147,S040,Synthetic automotive component 0147,3.696,0.014253,0.47,0.3286,0.0923,18.88,medium,0.0748,manual,True,True,electronics,0,1,0,1
P0148,S012,Synthetic automotive component 0148,19.326,0.235718,1.4442,0.6404,0.2549,2.37,medium,0.2422,mechanical,True,True,interior,0,0,1,1
P0149,S020,Synthetic automotive component 0149,3.6285,0.011139,0.4956,0.2544,0.0884,57.13,low,0.1666,manual,False,True,body,1,1,1,1
P0150,S046,Synthetic automotive component 0150,1.6159,0.004634,0.3417,0.1702,0.0797,20.14,medium,0.2173,manual,True,False,chassis,0,0,1,1
P0151,S023,Synthetic automotive component 0151,2.9589,0.00927,0.4054,0.2564,0.0892,3.64,medium,0.4191,manual,True,True,electronics,4,0,4,0
P0152,S033,Synthetic automotive component 0152,0.1645,0.001266,0.2181,0.1233,0.0471,5.06,critical,0.5577,manual,False,True,powertrain,8,0,10,0
P0153,S032,Synthetic automotive component 0153,2.0115,0.00947,0.321,0.2927,0.1008,54.67,high,0.0802,manual,True,True,electronics,1,1,1,1
P0154,S035,Synthetic automotive component 0154,7.1591,0.130112,0.7828,0.7763,0.2141,5.36,low,0.461,assisted,False,True,chassis,1,0,1,0
P0155,S043,Synthetic automotive component 0155,1.5884,0.001999,0.2201,0.1762,0.0515,42.68,critical,0.3068,manual,True,True,powertrain,1,1,0,1
P0156,S024,Synthetic automotive component 0156,2.0783,0.008216,0.3289,0.2824,0.0885,188.4,medium,0.5265,manual,True,True,chassis,2,2,2,0
P0157,S036,Synthetic automotive component 0157,0.7095,0.001856,0.1983,0.1407,0.0665,42.3,high,0.1251,manual,True,True,interior,1,1,1,1
P0158,S054,Synthetic automotive component 0158,0.8896,0.001408,0.181,0.1521,0.0511,30.77,medium,0.168,manual,False,True,interior,7,6,8,0
P0159,S056,Synthetic automotive component 0159,1.4965,0.009565,0.4866,0.2365,0.0831,20.96,medium,0.0578,manual,True,True,powertrain,1,0,0,1
P0160,S025,Synthetic automotive component 0160,4.3559,0.03775,0.7001,0.4066,0.1326,38.07,low,0.3678,manual,True,True,powertrain,0,1,1,1
P0161,S042,Synthetic automotive component 0161,1.4491,0.009432,0.3795,0.2126,0.1169,11.0,high,0.1452,manual,True,False,interior,2,0,2,2
P0162,S019,Synthetic automotive component 0162,1.5869,0.023324,0.6267,0.3495,0.1065,28.77,medium,0.3657,manual,True,True,chassis,0,1,0,1
P0163,S059,Synthetic automotive component 0163,6.6302,0.069713,0.7284,0.5835,0.164,47.58,medium,0.179,assisted,True,True,chassis,1,1,1,1
P0164,S002,Synthetic automotive component 0164,1.2475,0.00886,0.3474,0.2181,0.1169,7.17,medium,0.4033,manual,True,True,powertrain,9,9,8,0
P0165,S022,Synthetic automotive component 0165,6.484,0.032734,0.6788,0.4057,0.1189,2.82,medium,0.2737,manual,True,True,powertrain,5,0,5,3
P0166,S056,Synthetic automotive component 0166,4.5385,0.034013,0.5774,0.399,0.1476,8.34,low,0.1786,manual,True,True,chassis,2,0,2,2
P0167,S000,Synthetic automotive component 0167,10.4641,0.016436,0.5995,0.2841,0.0965,8.33,medium,0.3841,assisted,True,True,thermal,2,2,2,2
P0168,S016,Synthetic automotive component 0168,0.382,0.001171,0.2077,0.1358,0.0415,38.3,medium,0.1291,manual,True,True,body,2,2,2,2
P0169,S019,Synthetic automotive component 0169,15.9349,0.062703,0.6123,0.5456,0.1877,9.63,medium,0.101,assisted,True,True,powertrain,4,5,5,4
P0170,S055,Synthetic automotive component 0170,9.5939,0.088641,0.6666,0.6101,0.218,12.3,medium,0.4585,assisted,True,True,electronics,1,1,1,1
P0171,S056,Synthetic automotive component 0171,1.7829,0.009448,0.4073,0.2273,0.102,27.95,critical,0.3211,manual,True,True,interior,2,2,2,2
P0172,S044,Synthetic automotive component 0172,3.8376,0.02383,0.5181,0.3279,0.1402,29.82,low,0.501,manual,True,True,interior,0,1,1,1
P0173,S056,Synthetic automotive component 0173,5.5064,0.039758,0.6891,0.4485,0.1286,2.9,medium,0.2477,manual,True,True,interior,1,0,1,1
P0174,S027,Synthetic automotive component 0174,2.6233,0.021014,0.5096,0.3548,0.1162,56.83,low,0.3256,manual,True,True,thermal,6,7,5,6
P0175,S040,Synthetic automotive component 0175,14.2948,0.083241,0.8788,0.4792,0.1977,5.86,high,0.2796,assisted,True,True,interior,2,2,2,2
P0176,S050,Synthetic automotive component 0176,5.2471,0.009869,0.3393,0.2735,0.1063,3.1,medium,0.1996,manual,True,True,chassis,0,1,1,1
P0177,S046,Synthetic automotive component 0177,5.4816,0.01827,0.5272,0.3283,0.1056,46.76,medium,0.5861,manual,False,True,chassis,0,0,0,7
P0178,S003,Synthetic automotive component 0178,2.6996,0.008674,0.3201,0.3036,0.0893,43.74,medium,0.1822,manual,True,True,chassis,0,0,1,1
P0179,S017,Synthetic automotive component 0179,0.8511,0.003629,0.2857,0.1752,0.0725,23.96,high,0.1781,manual,True,True,thermal,1,1,1,1
P0180,S055,Synthetic automotive component 0180,10.9163,0.038625,0.4991,0.443,0.1747,149.19,medium,0.2411,assisted,False,True,thermal,1,0,1,1
P0181,S047,Synthetic automotive component 0181,2.5147,0.010071,0.418,0.274,0.0879,0.86,low,0.2623,manual,True,False,chassis,5,7,7,6
P0182,S059,Synthetic automotive component 0182,0.5438,0.001843,0.2401,0.1256,0.0611,1.45,medium,0.2184,manual,False,True,thermal,5,5,4,0
P0183,S009,Synthetic automotive component 0183,0.9434,0.002584,0.2037,0.1785,0.071,4.51,medium,0.2087,manual,True,True,powertrain,1,1,1,1
P0184,S043,Synthetic automotive component 0184,1.9911,0.026436,0.636,0.3157,0.1317,2.72,medium,0.1916,manual,True,True,chassis,7,6,5,7
P0185,S042,Synthetic automotive component 0185,1.7259,0.001676,0.2901,0.1231,0.0469,38.29,medium,0.184,manual,True,True,chassis,0,0,0,1
P0186,S020,Synthetic automotive component 0186,9.3235,0.04647,0.7883,0.4405,0.1338,51.69,medium,0.2859,assisted,True,True,body,0,9,6,6
P0187,S034,Synthetic automotive component 0187,4.7776,0.043853,0.6692,0.4486,0.1461,14.45,medium,0.2896,manual,False,True,body,2,2,2,2
P0188,S014,Synthetic automotive component 0188,1.2493,0.00432,0.3419,0.1774,0.0712,147.87,high,0.2917,manual,True,True,chassis,1,1,1,1
P0189,S004,Synthetic automotive component 0189,1.9925,0.003933,0.3484,0.1922,0.0587,103.08,medium,0.3215,manual,True,True,interior,6,7,6,0
P0190,S056,Synthetic automotive component 0190,31.1802,0.099628,0.7506,0.5417,0.245,61.72,medium,0.0647,mechanical,True,True,interior,0,7,6,0
P0191,S009,Synthetic automotive component 0191,3.3983,0.007493,0.3804,0.2643,0.0745,19.0,medium,0.5154,manual,True,True,interior,0,1,0,0
P0192,S023,Synthetic automotive component 0192,1.4825,0.003148,0.2691,0.1634,0.0716,101.34,medium,0.3186,manual,True,True,electronics,7,5,6,7
P0193,S021,Synthetic automotive component 0193,0.6658,0.009772,0.3343,0.2754,0.1062,27.37,high,0.3648,manual,True,False,electronics,5,3,0,3
P0194,S028,Synthetic automotive component 0194,0.3253,0.00397,0.2252,0.2505,0.0704,1.71,medium,0.2465,manual,True,True,body,4,4,5,4
P0195,S000,Synthetic automotive component 0195,3.1717,0.047055,0.6703,0.3998,0.1756,2.06,high,0.2615,manual,True,True,electronics,1,1,1,1
P0196,S026,Synthetic automotive component 0196,1.3207,0.002155,0.2478,0.1427,0.0609,2.58,low,0.2498,manual,True,True,powertrain,13,11,9,14
P0197,S043,Synthetic automotive component 0197,1.628,0.005403,0.358,0.1945,0.0776,6.96,medium,0.3038,manual,True,True,body,2,2,0,2
P0198,S024,Synthetic automotive component 0198,2.5024,0.008756,0.4208,0.2078,0.1002,13.8,medium,0.186,manual,False,True,electronics,5,4,4,4
P0199,S011,Synthetic automotive component 0199,3.925,0.013135,0.4742,0.3118,0.0888,24.18,low,0.1062,manual,True,True,chassis,2,2,0,2
P0200,S043,Synthetic automotive component 0200,6.2815,0.044151,0.5128,0.4502,0.1912,17.0,high,0.1415,manual,True,True,electronics,1,1,1,0
P0201,S017,Synthetic automotive component 0201,2.5482,0.009257,0.4828,0.2394,0.0801,180.98,medium,0.2767,manual,True,True,thermal,4,0,4,4
P0202,S031,Synthetic automotive component 0202,1.5629,0.003057,0.2505,0.1573,0.0776,35.35,medium,0.3893,manual,False,True,chassis,4,3,4,3
P0203,S000,Synthetic automotive component 0203,19.7326,0.088239,0.8148,0.4926,0.2199,3.06,low,0.3707,assisted,False,True,powertrain,5,4,5,4
P0204,S055,Synthetic automotive component 0204,4.202,0.006591,0.3806,0.2065,0.0839,3.92,high,0.1641,manual,False,True,thermal,0,7,0,0
P0205,S010,Synthetic automotive component 0205,0.5615,0.007255,0.2775,0.33,0.0792,4.86,low,0.1834,manual,True,True,thermal,9,7,0,8
P0206,S045,Synthetic automotive component 0206,3.66,0.039194,0.7128,0.3685,0.1492,14.7,medium,0.8304,manual,False,True,body,1,0,1,1
P0207,S000,Synthetic automotive component 0207,3.3388,0.004848,0.3389,0.2228,0.0642,10.52,critical,0.51,manual,True,True,thermal,6,5,5,7
P0208,S009,Synthetic automotive component 0208,10.1371,0.039462,0.6736,0.4469,0.1311,5.91,medium,0.1704,assisted,True,True,thermal,2,2,0,2
P0209,S012,Synthetic automotive component 0209,0.4499,0.002903,0.32,0.1512,0.06,18.67,medium,0.2183,manual,True,True,chassis,1,1,1,1
P0210,S044,Synthetic automotive component 0210,1.4157,0.01446,0.4284,0.2518,0.1341,27.66,medium,0.1315,manual,True,True,electronics,1,0,1,1
P0211,S017,Synthetic automotive component 0211,4.6994,0.016129,0.4571,0.2717,0.1299,85.57,high,0.1187,manual,False,True,chassis,0,0,0,2
P0212,S005,Synthetic automotive component 0212,1.2208,0.003354,0.2405,0.1894,0.0736,6.13,medium,0.74,manual,True,True,thermal,1,1,1,0
P0213,S036,Synthetic automotive component 0213,2.8666,0.043787,0.6953,0.4519,0.1394,2.58,medium,0.4757,manual,True,True,interior,2,2,2,2
P0214,S034,Synthetic automotive component 0214,1.8046,0.002984,0.2135,0.1622,0.0861,7.85,critical,0.243,manual,True,False,body,11,12,12,0
P0215,S024,Synthetic automotive component 0215,0.9383,0.001942,0.2635,0.1487,0.0496,0.56,low,0.079,manual,True,False,body,12,12,9,9
P0216,S021,Synthetic automotive component 0216,0.8199,0.002612,0.2901,0.1548,0.0582,2.68,high,0.2837,manual,True,True,body,0,0,2,2
P0217,S041,Synthetic automotive component 0217,5.567,0.008445,0.4007,0.2221,0.0949,2.73,high,0.2734,manual,True,True,thermal,1,0,0,1
P0218,S056,Synthetic automotive component 0218,2.4727,0.002884,0.2148,0.2097,0.064,1.79,low,0.4368,manual,True,True,electronics,1,1,1,1
P0219,S025,Synthetic automotive component 0219,0.5864,0.003172,0.2642,0.1493,0.0804,22.03,high,0.1475,manual,True,True,interior,2,2,2,2
P0220,S027,Synthetic automotive component 0220,2.8675,0.002889,0.2732,0.1945,0.0544,18.11,medium,0.1036,manual,True,True,interior,10,12,14,11
P0221,S055,Synthetic automotive component 0221,1.483,0.004475,0.3596,0.1864,0.0668,26.23,medium,0.3222,manual,True,True,chassis,11,10,11,10
P0222,S024,Synthetic automotive component 0222,3.5624,0.009279,0.4425,0.274,0.0765,5.39,medium,0.316,manual,True,True,powertrain,1,1,1,1
P0223,S043,Synthetic automotive component 0223,1.564,0.018504,0.4638,0.3632,0.1098,3.63,high,0.3746,manual,True,True,body,1,0,0,0
P0224,S059,Synthetic automotive component 0224,1.24,0.003996,0.3129,0.1854,0.0689,6.23,low,0.0977,manual,True,True,interior,4,4,5,3
P0225,S028,Synthetic automotive component 0225,5.1782,0.004427,0.2895,0.2152,0.0711,9.93,medium,0.2689,manual,True,False,interior,0,1,1,0
P0226,S040,Synthetic automotive component 0226,1.2733,0.006024,0.3384,0.191,0.0932,0.72,high,0.6954,manual,True,True,chassis,0,0,0,1
P0227,S012,Synthetic automotive component 0227,1.5671,0.007608,0.3556,0.2497,0.0857,12.88,low,0.673,manual,True,True,interior,0,0,7,7
P0228,S043,Synthetic automotive component 0228,3.8855,0.009365,0.3451,0.306,0.0887,5.18,low,0.214,manual,False,True,electronics,2,2,2,2
P0229,S057,Synthetic automotive component 0229,0.8564,0.012369,0.5361,0.2493,0.0925,1.23,high,0.3321,manual,True,True,powertrain,0,1,1,1
P0230,S049,Synthetic automotive component 0230,14.0347,0.034691,0.7123,0.3705,0.1314,8.48,medium,0.0489,assisted,True,True,powertrain,0,0,2,2
P0231,S051,Synthetic automotive component 0231,1.2921,0.003337,0.2961,0.1954,0.0577,0.89,medium,0.1627,manual,True,True,electronics,0,2,2,2
P0232,S021,Synthetic automotive component 0232,1.3646,0.005521,0.2401,0.266,0.0864,6.91,critical,0.0757,manual,True,True,body,2,2,2,0
P0233,S040,Synthetic automotive component 0233,14.7719,0.106893,0.8954,0.6745,0.177,175.56,medium,0.0767,assisted,True,True,thermal,6,6,7,5
P0234,S033,Synthetic automotive component 0234,0.4372,0.000661,0.1681,0.1102,0.0357,160.74,low,0.1559,manual,True,True,powertrain,2,2,2,2
P0235,S054,Synthetic automotive component 0235,8.0169,0.010026,0.4464,0.2569,0.0874,2.33,medium,0.3827,assisted,True,False,electronics,2,2,2,2
P0236,S009,Synthetic automotive component 0236,10.9678,0.128829,1.0089,0.6093,0.2096,5.5,high,0.1526,assisted,True,True,electronics,5,5,5,4
P0237,S032,Synthetic automotive component 0237,3.3822,0.007564,0.3457,0.2561,0.0854,22.75,high,0.0676,manual,True,True,interior,1,0,1,1
P0238,S046,Synthetic automotive component 0238,3.2604,0.006755,0.3384,0.2477,0.0806,25.48,low,0.4356,manual,True,True,powertrain,0,2,2,2
P0239,S054,Synthetic automotive component 0239,0.2366,0.003702,0.24,0.2274,0.0678,34.46,low,0.4318,manual,True,True,body,4,0,0,0
P0240,S026,Synthetic automotive component 0240,6.5239,0.089686,0.6061,0.5804,0.2549,10.15,medium,0.3097,assisted,True,True,powertrain,1,0,1,1
P0241,S021,Synthetic automotive component 0241,3.4782,0.032507,0.7089,0.3378,0.1358,5.54,medium,0.2351,manual,False,False,chassis,0,14,15,0
P0242,S023,Synthetic automotive component 0242,6.7699,0.021142,0.4215,0.2896,0.1732,35.6,high,0.0746,manual,True,True,interior,4,0,5,4
P0243,S014,Synthetic automotive component 0243,3.2526,0.013754,0.4079,0.3361,0.1003,45.21,low,0.3595,manual,True,False,chassis,1,0,1,1
P0244,S001,Synthetic automotive component 0244,13.0127,0.070728,0.5791,0.5913,0.2066,6.22,medium,0.1703,assisted,True,True,body,4,3,5,3
P0245,S045,Synthetic automotive component 0245,3.8774,0.0329,0.7015,0.3533,0.1328,6.76,low,0.4557,manual,True,True,body,0,0,0,5
P0246,S000,Synthetic automotive component 0246,0.392,0.000799,0.1939,0.1182,0.0349,72.37,high,0.4263,manual,True,True,interior,2,0,2,0
P0247,S043,Synthetic automotive component 0247,14.0917,0.121059,0.9784,0.6228,0.1987,91.17,high,0.4958,assisted,False,True,body,0,0,1,1
P0248,S039,Synthetic automotive component 0248,5.3221,0.01793,0.3689,0.3068,0.1584,11.87,high,0.0967,manual,True,True,body,11,11,11,0
P0249,S033,Synthetic automotive component 0249,1.6673,0.010517,0.3712,0.312,0.0908,27.26,low,0.1071,manual,False,True,electronics,0,0,1,0
P0250,S030,Synthetic automotive component 0250,2.9992,0.010675,0.4116,0.2607,0.0995,22.71,critical,0.3991,manual,True,True,body,1,1,1,0
P0251,S027,Synthetic automotive component 0251,6.2084,0.05359,0.9352,0.3897,0.1471,32.1,medium,0.3868,manual,True,True,electronics,2,2,2,2
P0252,S003,Synthetic automotive component 0252,13.9131,0.275621,1.1616,0.8971,0.2645,372.76,low,0.3415,mechanical,False,True,chassis,0,2,0,0
P0253,S028,Synthetic automotive component 0253,3.6197,0.014558,0.3564,0.285,0.1433,4.97,medium,0.3786,manual,True,True,body,2,2,0,2
P0254,S055,Synthetic automotive component 0254,5.5714,0.023708,0.5901,0.3805,0.1056,28.31,medium,0.3537,manual,True,True,thermal,1,1,1,1
P0255,S043,Synthetic automotive component 0255,4.3684,0.023124,0.461,0.3204,0.1566,164.75,medium,0.5375,manual,True,True,electronics,2,2,2,2
P0256,S031,Synthetic automotive component 0256,1.6846,0.003176,0.3483,0.1558,0.0585,24.88,medium,0.3535,manual,True,True,thermal,2,0,2,2
P0257,S034,Synthetic automotive component 0257,6.0116,0.08816,0.8813,0.5876,0.1703,5.96,low,0.3059,assisted,True,True,chassis,2,2,2,2
P0258,S030,Synthetic automotive component 0258,0.994,0.005819,0.3884,0.2138,0.0701,11.17,medium,0.1068,manual,True,True,thermal,2,0,2,2
P0259,S003,Synthetic automotive component 0259,6.1666,0.027824,0.5175,0.4071,0.1321,22.66,high,0.3901,manual,True,True,powertrain,13,0,13,0
P0260,S059,Synthetic automotive component 0260,0.4218,0.002439,0.2322,0.1853,0.0567,19.76,low,0.1694,manual,True,True,chassis,4,0,4,4
P0261,S003,Synthetic automotive component 0261,3.3692,0.033079,0.5904,0.3305,0.1695,195.07,medium,0.2837,manual,False,True,thermal,5,7,5,6
P0262,S032,Synthetic automotive component 0262,0.7043,0.004331,0.261,0.2464,0.0673,11.62,medium,0.3139,manual,True,False,electronics,4,4,5,5
P0263,S025,Synthetic automotive component 0263,1.8935,0.009164,0.4998,0.2323,0.079,5.79,low,0.1312,manual,True,True,chassis,0,1,1,1
P0264,S037,Synthetic automotive component 0264,0.2797,0.001067,0.2147,0.1306,0.0381,20.44,medium,0.339,manual,False,True,interior,10,11,0,13
P0265,S045,Synthetic automotive component 0265,1.091,0.003478,0.2356,0.1923,0.0767,11.23,medium,0.0621,manual,True,True,interior,2,2,2,0
P0266,S016,Synthetic automotive component 0266,0.2261,0.000696,0.1591,0.1027,0.0426,8.59,medium,0.158,manual,True,True,electronics,2,2,2,0
P0267,S025,Synthetic automotive component 0267,0.3225,0.000718,0.1708,0.1141,0.0369,3.34,low,0.1815,manual,True,False,body,2,2,2,2
P0268,S027,Synthetic automotive component 0268,24.8352,0.119784,1.0529,0.5357,0.2124,6.11,medium,0.4943,assisted,True,True,electronics,1,1,1,1
P0269,S023,Synthetic automotive component 0269,1.8342,0.005021,0.2895,0.263,0.066,113.08,medium,0.1943,manual,True,True,chassis,5,4,4,0
P0270,S009,Synthetic automotive component 0270,1.0952,0.00246,0.2653,0.1725,0.0538,9.74,medium,0.0996,manual,True,True,chassis,2,2,2,2
P0271,S040,Synthetic automotive component 0271,6.0832,0.010549,0.4876,0.2643,0.0819,35.89,medium,0.3728,manual,True,True,interior,14,15,14,0
P0272,S000,Synthetic automotive component 0272,1.2918,0.009263,0.2936,0.318,0.0992,71.72,high,0.2189,manual,True,True,interior,2,2,2,2
P0273,S012,Synthetic automotive component 0273,3.3918,0.022804,0.5573,0.3389,0.1207,6.15,critical,0.3724,manual,True,True,electronics,1,1,1,1
P0274,S045,Synthetic automotive component 0274,5.1641,0.042017,0.4826,0.5844,0.149,149.03,medium,0.2011,manual,True,True,chassis,2,2,2,2
P0275,S026,Synthetic automotive component 0275,9.7604,0.10775,0.7964,0.5715,0.2367,27.25,medium,0.2157,assisted,True,True,powertrain,1,1,1,1
P0276,S023,Synthetic automotive component 0276,5.1221,0.028047,0.5536,0.3396,0.1492,38.99,medium,0.4371,manual,True,True,interior,1,0,1,1
P0277,S018,Synthetic automotive component 0277,2.1265,0.012646,0.4432,0.3212,0.0888,2.68,high,0.2955,manual,True,True,powertrain,1,0,1,1
P0278,S025,Synthetic automotive component 0278,5.415,0.026403,0.5658,0.356,0.1311,111.62,medium,0.4316,manual,True,False,interior,1,1,1,1
P0279,S053,Synthetic automotive component 0279,15.7641,0.113293,1.0108,0.512,0.2189,14.41,low,0.2535,assisted,False,True,interior,0,0,5,4
P0280,S016,Synthetic automotive component 0280,5.7014,0.080448,0.7659,0.5198,0.2021,37.37,medium,0.224,assisted,True,True,thermal,10,13,10,9
P0281,S054,Synthetic automotive component 0281,1.1127,0.012668,0.5353,0.2398,0.0987,17.07,medium,0.6161,manual,True,False,chassis,13,12,12,14
P0282,S004,Synthetic automotive component 0282,6.8073,0.036159,0.7735,0.3487,0.1341,141.79,medium,0.3626,manual,False,True,chassis,1,1,1,1
P0283,S007,Synthetic automotive component 0283,3.0788,0.007483,0.3324,0.2881,0.0782,6.54,medium,0.351,manual,True,False,body,0,2,2,2
P0284,S055,Synthetic automotive component 0284,3.0485,0.013885,0.4435,0.28,0.1118,17.67,critical,0.3378,manual,True,True,chassis,1,1,1,0
P0285,S050,Synthetic automotive component 0285,1.4732,0.009219,0.3347,0.2914,0.0945,4.65,low,0.3683,manual,True,True,body,0,0,5,6
P0286,S023,Synthetic automotive component 0286,0.4677,0.004086,0.3512,0.1882,0.0618,15.95,low,0.1501,manual,True,True,thermal,1,1,1,1
P0287,S035,Synthetic automotive component 0287,3.13,0.008568,0.347,0.2546,0.097,232.15,medium,0.4156,manual,True,True,powertrain,0,1,1,1
P0288,S042,Synthetic automotive component 0288,0.6892,0.002982,0.3019,0.1732,0.057,8.18,low,0.1142,manual,True,True,chassis,5,4,5,0
P0289,S058,Synthetic automotive component 0289,6.5459,0.017744,0.5151,0.2806,0.1228,3.58,medium,0.3407,manual,True,True,interior,1,1,0,1
P0290,S032,Synthetic automotive component 0290,3.0879,0.015181,0.5811,0.28,0.0933,29.04,low,0.4155,manual,True,True,body,8,8,0,6
P0291,S048,Synthetic automotive component 0291,0.7892,0.006035,0.2873,0.264,0.0796,52.38,low,0.3114,manual,True,True,interior,2,2,2,2
P0292,S009,Synthetic automotive component 0292,2.7828,0.018326,0.6252,0.2911,0.1007,78.06,medium,0.4661,manual,True,True,body,5,6,0,0
P0293,S058,Synthetic automotive component 0293,0.6378,0.001735,0.1642,0.1284,0.0823,13.13,high,0.07,manual,True,True,chassis,6,9,10,9
P0294,S044,Synthetic automotive component 0294,2.2273,0.010875,0.3541,0.2555,0.1202,1.91,medium,0.2365,manual,True,True,body,1,1,1,1
P0295,S042,Synthetic automotive component 0295,1.9307,0.003117,0.295,0.1741,0.0607,36.62,low,0.3806,manual,True,True,electronics,2,2,2,2
P0296,S054,Synthetic automotive component 0296,0.7898,0.006756,0.3621,0.2304,0.081,11.03,medium,0.4107,manual,True,True,chassis,0,1,1,1
P0297,S042,Synthetic automotive component 0297,2.4192,0.016741,0.5273,0.3045,0.1043,52.08,medium,0.5799,manual,True,True,electronics,0,0,0,1
P0298,S058,Synthetic automotive component 0298,1.9861,0.005646,0.3675,0.1873,0.082,5.17,medium,0.2494,manual,True,True,powertrain,1,0,1,1
P0299,S023,Synthetic automotive component 0299,1.6585,0.009503,0.4716,0.2587,0.0779,16.78,low,0.1453,manual,True,True,electronics,1,1,0,1
P0300,S032,Synthetic automotive component 0300,0.818,0.004324,0.3669,0.1933,0.061,6.57,medium,0.2277,manual,True,True,powertrain,1,1,1,1
P0301,S049,Synthetic automotive component 0301,1.5869,0.007674,0.2823,0.2318,0.1173,20.57,medium,0.2016,manual,True,True,thermal,0,4,5,4
P0302,S056,Synthetic automotive component 0302,1.9792,0.017807,0.4584,0.3258,0.1192,25.95,high,0.3741,manual,True,True,interior,2,2,2,2
P0303,S043,Synthetic automotive component 0303,9.2084,0.055892,0.604,0.4714,0.1963,15.89,high,0.3665,assisted,False,True,electronics,1,1,1,1
P0304,S030,Synthetic automotive component 0304,0.9129,0.001326,0.1652,0.179,0.0449,12.77,low,0.5363,manual,True,True,powertrain,0,1,1,1
P0305,S034,Synthetic automotive component 0305,5.7462,0.026522,0.4676,0.3797,0.1494,126.6,low,0.3769,manual,False,True,electronics,0,2,2,2
P0306,S027,Synthetic automotive component 0306,10.2136,0.069386,0.9367,0.4561,0.1624,4.4,medium,0.0733,assisted,True,False,powertrain,1,1,1,1
P0307,S016,Synthetic automotive component 0307,3.9231,0.010517,0.2888,0.2703,0.1347,3.08,critical,0.1286,manual,True,False,body,0,0,1,0
P0308,S030,Synthetic automotive component 0308,6.2472,0.050785,0.8572,0.3984,0.1487,17.66,medium,0.2006,manual,True,False,chassis,0,2,0,2
P0309,S016,Synthetic automotive component 0309,1.2741,0.007434,0.3356,0.2135,0.1037,34.45,medium,0.2316,manual,True,False,electronics,11,14,14,14
P0310,S032,Synthetic automotive component 0310,2.4825,0.006129,0.2639,0.284,0.0818,2.85,medium,0.3536,manual,True,True,powertrain,0,1,0,1
P0311,S029,Synthetic automotive component 0311,11.1027,0.058297,0.7191,0.5258,0.1542,7.27,medium,0.442,assisted,True,True,chassis,8,10,0,6
P0312,S025,Synthetic automotive component 0312,6.2625,0.031149,0.6593,0.3266,0.1447,11.79,medium,0.4571,manual,True,True,thermal,11,15,15,10
P0313,S021,Synthetic automotive component 0313,0.1822,0.00183,0.2858,0.1317,0.0486,8.32,medium,0.2232,manual,True,True,body,0,1,0,1
P0314,S044,Synthetic automotive component 0314,9.6847,0.036918,0.6845,0.4421,0.122,31.27,medium,0.4609,assisted,True,True,powertrain,3,5,4,3
P0315,S029,Synthetic automotive component 0315,4.2027,0.021842,0.4338,0.4075,0.1235,38.83,medium,0.1227,manual,True,True,chassis,14,12,0,13
P0316,S010,Synthetic automotive component 0316,1.8927,0.066016,0.8034,0.5303,0.1549,756.82,medium,0.3479,assisted,True,False,electronics,1,1,0,1
P0317,S023,Synthetic automotive component 0317,6.9452,0.086452,0.912,0.4458,0.2126,59.41,low,0.3948,assisted,True,True,electronics,2,2,2,2
P0318,S040,Synthetic automotive component 0318,3.2188,0.008817,0.3907,0.2726,0.0828,120.28,low,0.1796,manual,True,True,powertrain,1,0,1,1
P0319,S053,Synthetic automotive component 0319,3.6022,0.041436,0.6403,0.4514,0.1433,3.19,low,0.5187,manual,True,True,powertrain,0,0,0,12
P0320,S020,Synthetic automotive component 0320,6.6621,0.037214,0.7597,0.3814,0.1284,6.33,low,0.3995,manual,True,True,interior,0,0,1,1
P0321,S048,Synthetic automotive component 0321,1.1351,0.004089,0.2901,0.2276,0.0619,21.53,high,0.3333,manual,False,True,body,2,2,2,2
P0322,S018,Synthetic automotive component 0322,2.4767,0.008341,0.3837,0.244,0.0891,12.22,low,0.2814,manual,True,False,powertrain,1,1,1,1
P0323,S025,Synthetic automotive component 0323,1.3671,0.002117,0.308,0.1301,0.0528,12.67,medium,0.2142,manual,True,False,chassis,0,2,2,0
P0324,S048,Synthetic automotive component 0324,21.6152,0.056758,0.6998,0.4506,0.18,8.53,low,0.3042,assisted,True,True,electronics,1,1,1,1
P0325,S040,Synthetic automotive component 0325,0.8653,0.010538,0.3852,0.2963,0.0923,3.58,medium,0.5056,manual,True,True,chassis,1,1,1,1
P0326,S035,Synthetic automotive component 0326,2.0874,0.010612,0.3634,0.3241,0.0901,23.42,low,0.0562,manual,False,True,powertrain,1,0,1,1
P0327,S045,Synthetic automotive component 0327,4.5099,0.010293,0.4313,0.2779,0.0859,6.82,medium,0.4816,manual,True,True,interior,3,0,3,4
P0328,S045,Synthetic automotive component 0328,2.2211,0.012671,0.4905,0.2878,0.0898,17.78,low,0.4182,manual,True,False,chassis,1,1,1,1
P0329,S058,Synthetic automotive component 0329,4.5375,0.018043,0.6357,0.2659,0.1067,7.58,medium,0.2282,manual,True,True,interior,0,0,4,0
P0330,S048,Synthetic automotive component 0330,5.0277,0.054781,0.6852,0.4344,0.1841,29.05,medium,0.2133,manual,True,True,thermal,1,0,1,1
P0331,S020,Synthetic automotive component 0331,18.7341,0.149867,1.0797,0.5881,0.236,26.82,high,0.3001,assisted,True,True,thermal,8,7,0,7
P0332,S025,Synthetic automotive component 0332,3.9469,0.00812,0.4131,0.2234,0.088,4.55,medium,0.3231,manual,True,True,powertrain,0,0,7,0
P0333,S045,Synthetic automotive component 0333,1.7384,0.042681,0.7789,0.3902,0.1404,7.02,low,0.2333,manual,True,True,thermal,12,15,0,9
P0334,S027,Synthetic automotive component 0334,5.0548,0.016365,0.466,0.3277,0.1072,2.48,critical,0.5041,manual,True,True,interior,2,2,0,2
P0335,S009,Synthetic automotive component 0335,4.613,0.035219,0.6258,0.3588,0.1568,55.65,low,0.0262,manual,True,True,chassis,4,4,3,4
P0336,S023,Synthetic automotive component 0336,5.6215,0.010773,0.4604,0.2321,0.1008,3.84,high,0.0394,manual,True,True,thermal,1,1,1,1
P0337,S009,Synthetic automotive component 0337,2.7537,0.01036,0.3021,0.2996,0.1145,160.99,medium,0.0836,manual,True,True,thermal,14,15,11,13
P0338,S044,Synthetic automotive component 0338,11.7455,0.029173,0.6497,0.3953,0.1136,16.97,high,0.3917,assisted,True,True,interior,2,2,2,2
P0339,S007,Synthetic automotive component 0339,8.2918,0.031442,0.441,0.5115,0.1394,37.0,high,0.2762,assisted,False,True,electronics,0,1,1,1
P0340,S023,Synthetic automotive component 0340,0.9281,0.004231,0.3304,0.1913,0.0669,1.87,medium,0.4878,manual,True,True,thermal,4,4,5,4
P0341,S021,Synthetic automotive component 0341,1.1407,0.003227,0.3023,0.1568,0.0681,52.61,low,0.3878,manual,True,True,body,6,7,5,5
P0342,S056,Synthetic automotive component 0342,1.0943,0.008874,0.3562,0.3061,0.0814,74.0,medium,0.1439,manual,True,True,powertrain,0,0,4,3
P0343,S007,Synthetic automotive component 0343,2.027,0.026028,0.6075,0.36,0.119,30.83,medium,0.2448,manual,False,True,body,2,2,0,2
P0344,S024,Synthetic automotive component 0344,9.323,0.140481,0.994,0.5361,0.2636,42.96,medium,0.1787,assisted,True,False,powertrain,0,2,2,2
P0345,S031,Synthetic automotive component 0345,3.845,0.025136,0.5801,0.3714,0.1167,33.14,medium,0.4841,manual,False,True,chassis,2,2,2,2
P0346,S016,Synthetic automotive component 0346,10.3066,0.08686,0.9975,0.5309,0.164,1.71,medium,0.3495,assisted,True,True,thermal,4,3,0,0
P0347,S014,Synthetic automotive component 0347,1.3821,0.002403,0.3144,0.1456,0.0525,7.06,high,0.0735,manual,True,True,chassis,5,4,4,5
P0348,S007,Synthetic automotive component 0348,5.7212,0.044551,0.6672,0.4919,0.1358,12.58,medium,0.2028,manual,True,True,thermal,2,2,2,2
P0349,S009,Synthetic automotive component 0349,0.6012,0.00385,0.3695,0.1759,0.0592,7.59,low,0.4331,manual,True,True,chassis,5,3,0,0
P0350,S012,Synthetic automotive component 0350,14.9852,0.083431,0.8434,0.5817,0.17,40.25,medium,0.2255,assisted,True,True,thermal,0,0,2,2
P0351,S021,Synthetic automotive component 0351,3.1245,0.02251,0.4797,0.3108,0.151,19.23,medium,0.5098,manual,False,True,chassis,0,0,1,0
P0352,S000,Synthetic automotive component 0352,18.929,0.062193,0.635,0.44,0.2226,28.59,medium,0.1766,assisted,True,True,thermal,0,1,1,1
P0353,S054,Synthetic automotive component 0353,5.4139,0.026286,0.5681,0.3825,0.121,4.44,medium,0.5198,manual,True,True,electronics,1,1,1,1
P0354,S000,Synthetic automotive component 0354,3.1608,0.008478,0.3875,0.2445,0.0895,44.05,medium,0.149,manual,True,True,powertrain,1,0,0,1
P0355,S039,Synthetic automotive component 0355,10.5341,0.045867,0.5687,0.5709,0.1413,64.49,medium,0.2432,assisted,False,True,thermal,1,1,0,0
P0356,S021,Synthetic automotive component 0356,1.2426,0.00378,0.3096,0.1997,0.0611,2.49,medium,0.1179,manual,True,True,chassis,2,2,2,2
P0357,S020,Synthetic automotive component 0357,0.9812,0.004776,0.3082,0.188,0.0824,15.28,medium,0.1158,manual,False,True,electronics,2,2,2,2
P0358,S019,Synthetic automotive component 0358,12.749,0.038592,0.5328,0.3705,0.1955,1.46,medium,0.1167,assisted,True,True,body,0,1,0,1
P0359,S035,Synthetic automotive component 0359,1.6804,0.004916,0.2668,0.179,0.103,33.02,low,0.3316,manual,False,True,powertrain,1,0,0,1
P0360,S001,Synthetic automotive component 0360,1.6507,0.010592,0.3681,0.2934,0.0981,8.42,low,0.4037,manual,True,True,electronics,1,0,0,1
P0361,S036,Synthetic automotive component 0361,2.5933,0.009525,0.4478,0.2383,0.0893,9.75,critical,0.2496,manual,True,True,chassis,1,1,1,0
P0362,S014,Synthetic automotive component 0362,9.6982,0.034674,0.7277,0.345,0.1381,3.92,medium,0.3509,assisted,True,True,body,1,1,0,0
P0363,S056,Synthetic automotive component 0363,1.4143,0.005735,0.3464,0.1923,0.0861,61.98,medium,0.1462,manual,False,True,chassis,0,7,5,5
P0364,S024,Synthetic automotive component 0364,0.7294,0.00312,0.3089,0.1816,0.0556,36.28,medium,0.0904,manual,True,True,thermal,5,3,5,5
P0365,S027,Synthetic automotive component 0365,7.4865,0.091172,0.7419,0.6646,0.1849,69.44,high,0.3787,assisted,True,True,chassis,2,0,2,2
P0366,S019,Synthetic automotive component 0366,5.5848,0.030863,0.5828,0.3492,0.1517,10.62,high,0.2998,manual,True,True,thermal,7,9,7,9
P0367,S036,Synthetic automotive component 0367,1.696,0.013144,0.4015,0.2971,0.1102,85.43,low,0.3267,manual,True,True,interior,1,1,1,1
P0368,S048,Synthetic automotive component 0368,3.9772,0.055159,0.8724,0.4091,0.1545,11.91,medium,0.5914,manual,True,True,interior,1,1,1,1
P0369,S038,Synthetic automotive component 0369,19.7884,0.096236,1.0616,0.4781,0.1896,123.7,medium,0.0759,assisted,True,True,electronics,0,0,2,0
P0370,S009,Synthetic automotive component 0370,1.7603,0.004382,0.3193,0.1986,0.0691,92.66,low,0.3126,manual,True,True,body,5,0,4,0
P0371,S044,Synthetic automotive component 0371,2.0455,0.007004,0.2771,0.2306,0.1096,32.27,low,0.0543,manual,True,True,powertrain,1,0,1,0
P0372,S004,Synthetic automotive component 0372,13.3235,0.038048,0.5966,0.4938,0.1291,6.99,medium,0.1164,assisted,True,True,body,1,1,1,1
P0373,S027,Synthetic automotive component 0373,1.5864,0.006134,0.3275,0.2413,0.0776,136.51,critical,0.3403,manual,True,True,interior,5,0,6,7
P0374,S010,Synthetic automotive component 0374,1.3549,0.002099,0.2151,0.1725,0.0566,88.61,low,0.1646,manual,True,True,thermal,1,1,1,1
P0375,S017,Synthetic automotive component 0375,18.0942,0.091612,0.8326,0.5901,0.1865,6.86,high,0.0235,assisted,True,True,electronics,1,1,1,1
P0376,S021,Synthetic automotive component 0376,1.5689,0.008313,0.3083,0.3027,0.0891,56.03,low,0.1773,manual,False,True,powertrain,2,2,2,2
P0377,S015,Synthetic automotive component 0377,3.6302,0.019458,0.5605,0.3053,0.1137,10.85,high,0.1717,manual,True,True,electronics,0,0,3,4
P0378,S021,Synthetic automotive component 0378,5.7701,0.011668,0.4748,0.293,0.0839,7.69,high,0.5346,manual,False,True,interior,6,0,6,6
P0379,S034,Synthetic automotive component 0379,4.1493,0.018015,0.52,0.3404,0.1018,7.27,low,0.2433,manual,True,True,chassis,1,1,1,1
P0380,S048,Synthetic automotive component 0380,1.2815,0.004794,0.3411,0.207,0.0679,30.31,medium,0.1167,manual,True,True,body,0,1,1,1
P0381,S018,Synthetic automotive component 0381,0.4032,0.003236,0.1936,0.1828,0.0914,47.24,low,0.3727,manual,True,True,thermal,6,6,0,6
P0382,S000,Synthetic automotive component 0382,1.8613,0.004238,0.2588,0.2022,0.081,148.48,medium,0.2297,manual,True,True,interior,0,7,6,6
P0383,S035,Synthetic automotive component 0383,2.1203,0.002976,0.2194,0.2203,0.0616,32.41,medium,0.2486,manual,True,True,powertrain,2,2,2,0
P0384,S045,Synthetic automotive component 0384,0.8236,0.002444,0.255,0.1556,0.0616,4.73,low,0.4252,manual,True,True,body,4,5,3,3
P0385,S033,Synthetic automotive component 0385,18.1946,0.08039,0.7563,0.5681,0.1871,25.66,low,0.5474,assisted,True,True,thermal,1,0,1,0
P0386,S048,Synthetic automotive component 0386,6.0532,0.037269,0.7344,0.3841,0.1321,84.91,medium,0.3529,manual,True,True,body,1,1,0,1
P0387,S043,Synthetic automotive component 0387,5.9962,0.041575,0.8288,0.3835,0.1308,145.33,high,0.2147,manual,True,False,thermal,2,2,0,0
P0388,S058,Synthetic automotive component 0388,5.9753,0.061689,0.6557,0.5305,0.1773,8.49,low,0.1584,assisted,False,True,chassis,0,4,5,5
P0389,S017,Synthetic automotive component 0389,1.3821,0.00273,0.1922,0.1799,0.079,33.16,medium,0.1739,manual,True,True,thermal,1,1,1,1
P0390,S051,Synthetic automotive component 0390,0.8553,0.003623,0.2672,0.2247,0.0603,35.39,medium,0.6473,manual,False,True,electronics,2,2,2,2
P0391,S006,Synthetic automotive component 0391,8.7049,0.084284,0.8117,0.6168,0.1684,54.58,high,0.2595,assisted,True,True,powertrain,4,5,4,4
P0392,S009,Synthetic automotive component 0392,8.4955,0.054394,0.915,0.3959,0.1502,14.62,medium,0.1253,assisted,True,True,interior,2,0,0,2
P0393,S012,Synthetic automotive component 0393,6.1087,0.04919,0.7643,0.4401,0.1462,24.53,low,0.0508,manual,True,True,thermal,11,13,14,10
P0394,S017,Synthetic automotive component 0394,5.2671,0.023258,0.6375,0.3457,0.1055,26.68,medium,0.2825,manual,True,True,chassis,1,1,1,0
P0395,S053,Synthetic automotive component 0395,3.5836,0.020555,0.5595,0.3455,0.1063,41.21,medium,0.1409,manual,True,True,thermal,4,0,0,0
P0396,S025,Synthetic automotive component 0396,4.3316,0.014676,0.4148,0.3151,0.1123,8.81,medium,0.1278,manual,True,True,powertrain,2,0,2,2
P0397,S059,Synthetic automotive component 0397,3.1851,0.013537,0.4117,0.2782,0.1182,2.64,high,0.2714,manual,True,True,thermal,0,1,1,1
P0398,S009,Synthetic automotive component 0398,0.7777,0.002359,0.2463,0.1749,0.0548,16.24,high,0.4347,manual,True,True,body,2,2,2,2
P0399,S032,Synthetic automotive component 0399,0.5746,0.004507,0.2883,0.2218,0.0705,1.96,high,0.2439,manual,False,True,interior,2,2,2,2
P0400,S010,Synthetic automotive component 0400,0.5269,0.005098,0.4225,0.1856,0.065,19.42,medium,0.2579,manual,True,True,electronics,1,1,1,1
P0401,S018,Synthetic automotive component 0401,2.4205,0.014189,0.5478,0.2601,0.0996,38.21,high,0.2598,manual,True,True,body,2,2,2,2
P0402,S016,Synthetic automotive component 0402,0.5151,0.001712,0.242,0.1453,0.0487,5.62,medium,0.1495,manual,True,False,chassis,0,0,1,1
P0403,S031,Synthetic automotive component 0403,9.6771,0.041368,0.6633,0.4256,0.1466,7.63,low,0.3477,assisted,True,True,electronics,5,7,6,5
P0404,S026,Synthetic automotive component 0404,20.1398,0.151413,0.8424,0.6614,0.2717,56.84,medium,0.0718,assisted,False,True,thermal,1,1,1,0
P0405,S023,Synthetic automotive component 0405,4.8595,0.034242,0.5484,0.4247,0.147,4.36,medium,0.3605,manual,True,True,body,2,2,2,2
P0406,S003,Synthetic automotive component 0406,4.6576,0.016493,0.5929,0.2732,0.1018,23.47,high,0.319,manual,True,True,interior,2,0,0,0
P0407,S030,Synthetic automotive component 0407,1.7296,0.004779,0.3483,0.1958,0.0701,45.46,medium,0.3471,manual,True,False,body,8,8,8,6
P0408,S055,Synthetic automotive component 0408,3.0349,0.015302,0.6026,0.2604,0.0975,18.41,low,0.2785,manual,False,True,body,1,1,1,1
P0409,S008,Synthetic automotive component 0409,0.2074,0.000533,0.1141,0.1321,0.0353,45.79,critical,0.0604,manual,True,True,chassis,2,2,2,2
P0410,S030,Synthetic automotive component 0410,8.6471,0.015534,0.5193,0.3272,0.0914,39.84,medium,0.6182,assisted,True,True,powertrain,2,2,2,0
P0411,S043,Synthetic automotive component 0411,0.8778,0.00128,0.1956,0.1535,0.0426,100.51,low,0.112,manual,True,True,interior,10,0,0,13
P0412,S023,Synthetic automotive component 0412,2.3101,0.009404,0.3896,0.2554,0.0945,8.93,low,0.251,manual,True,True,interior,0,2,0,2
P0413,S043,Synthetic automotive component 0413,6.0644,0.018594,0.5092,0.3664,0.0997,34.14,high,0.3122,manual,True,True,electronics,5,4,4,0
P0414,S003,Synthetic automotive component 0414,3.376,0.010446,0.4544,0.2502,0.0919,19.74,high,0.2596,manual,False,True,body,0,2,0,0
P0415,S020,Synthetic automotive component 0415,1.841,0.031078,0.4802,0.4781,0.1354,17.69,medium,0.2754,manual,False,True,powertrain,2,2,2,0
P0416,S047,Synthetic automotive component 0416,3.4932,0.028867,0.7181,0.3498,0.1149,7.95,medium,0.3138,manual,True,True,powertrain,0,0,2,2
P0417,S056,Synthetic automotive component 0417,7.6163,0.016643,0.4301,0.3599,0.1075,121.47,low,0.2099,manual,True,True,body,5,5,5,7
P0418,S038,Synthetic automotive component 0418,1.8226,0.006472,0.3346,0.1909,0.1014,1.85,medium,0.421,manual,True,True,chassis,0,7,0,0
P0419,S036,Synthetic automotive component 0419,4.6699,0.016352,0.4948,0.2786,0.1186,15.93,low,0.3165,manual,True,True,body,8,8,6,7
P0420,S016,Synthetic automotive component 0420,1.7268,0.007189,0.3649,0.2503,0.0787,13.73,medium,0.2905,manual,True,True,powertrain,2,0,2,2
P0421,S014,Synthetic automotive component 0421,0.3791,0.001214,0.1564,0.1519,0.0511,2.38,high,0.3208,manual,False,True,interior,9,9,9,8
P0422,S011,Synthetic automotive component 0422,3.3022,0.033517,0.6413,0.3709,0.1409,21.22,low,0.1049,manual,True,True,powertrain,0,0,1,0
P0423,S053,Synthetic automotive component 0423,2.7135,0.016619,0.4253,0.3769,0.1037,28.9,medium,0.4135,manual,True,True,interior,0,0,0,1
P0424,S020,Synthetic automotive component 0424,4.9096,0.012272,0.4829,0.2416,0.1052,180.39,low,0.1447,manual,True,True,body,4,4,0,3
P0425,S025,Synthetic automotive component 0425,0.9798,0.005887,0.3107,0.21,0.0902,39.15,medium,0.4586,manual,True,True,interior,1,1,1,1
P0426,S056,Synthetic automotive component 0426,9.405,0.062773,0.8394,0.5109,0.1464,14.78,low,0.2505,assisted,True,True,electronics,1,1,1,1
P0427,S056,Synthetic automotive component 0427,27.5301,0.068931,0.7102,0.58,0.1674,21.55,high,0.2794,mechanical,True,True,thermal,4,4,4,5
P0428,S044,Synthetic automotive component 0428,9.0557,0.017392,0.543,0.3237,0.0989,10.14,low,0.1036,assisted,True,True,powertrain,0,10,0,7
P0429,S003,Synthetic automotive component 0429,1.2518,0.004309,0.2606,0.2256,0.0733,10.94,low,0.481,manual,True,True,body,0,2,2,2
P0430,S050,Synthetic automotive component 0430,1.8653,0.005151,0.314,0.2088,0.0786,49.39,low,0.3132,manual,True,True,electronics,1,1,1,1
P0431,S056,Synthetic automotive component 0431,3.5422,0.041765,0.5538,0.4587,0.1644,33.22,medium,0.3176,manual,True,True,interior,2,2,2,2
P0432,S047,Synthetic automotive component 0432,0.7782,0.003214,0.2363,0.2364,0.0575,20.03,high,0.075,manual,True,True,thermal,2,2,0,2
P0433,S055,Synthetic automotive component 0433,1.6094,0.008512,0.386,0.2921,0.0755,22.01,medium,0.6522,manual,True,False,thermal,7,0,5,5
P0434,S029,Synthetic automotive component 0434,16.8124,0.094693,1.0966,0.4652,0.1856,24.81,medium,0.5989,assisted,True,True,thermal,14,12,10,12
P0435,S018,Synthetic automotive component 0435,4.8706,0.028393,0.5691,0.3783,0.1319,3.19,low,0.184,manual,False,False,interior,1,1,1,1
P0436,S054,Synthetic automotive component 0436,8.5916,0.017529,0.4365,0.4022,0.0998,355.46,medium,0.0942,assisted,True,True,chassis,2,2,2,2
P0437,S021,Synthetic automotive component 0437,0.687,0.004153,0.2365,0.1876,0.0936,116.14,low,0.5897,manual,True,True,thermal,2,2,2,2
P0438,S048,Synthetic automotive component 0438,3.938,0.041557,0.6322,0.3646,0.1803,3.35,medium,0.2327,manual,True,True,chassis,0,2,0,2
P0439,S034,Synthetic automotive component 0439,4.0801,0.033197,0.6503,0.3454,0.1478,9.02,medium,0.2948,manual,True,True,chassis,0,2,2,2
P0440,S023,Synthetic automotive component 0440,8.8841,0.0224,0.5051,0.373,0.1189,119.62,medium,0.3112,assisted,False,True,powertrain,1,1,1,1
P0441,S012,Synthetic automotive component 0441,1.4294,0.018788,0.5324,0.3501,0.1008,5.64,low,0.2733,manual,True,True,interior,2,0,2,2
P0442,S056,Synthetic automotive component 0442,6.0374,0.033739,0.7491,0.3561,0.1265,1.77,low,0.2628,manual,True,True,interior,2,2,2,2
P0443,S006,Synthetic automotive component 0443,3.3538,0.016923,0.3644,0.355,0.1308,33.43,low,0.1004,manual,True,False,chassis,1,1,0,1
P0444,S014,Synthetic automotive component 0444,3.0895,0.018256,0.5251,0.292,0.1191,11.55,high,0.4575,manual,True,True,chassis,1,1,1,0
P0445,S053,Synthetic automotive component 0445,3.5453,0.008301,0.3466,0.2911,0.0823,25.3,critical,0.2808,manual,False,True,electronics,0,5,4,0
P0446,S027,Synthetic automotive component 0446,1.4017,0.005801,0.3801,0.2077,0.0735,2.26,medium,0.3082,manual,True,True,chassis,1,1,1,1
P0447,S005,Synthetic automotive component 0447,4.9069,0.029044,0.5129,0.4523,0.1252,33.35,low,0.1286,manual,True,True,interior,2,2,0,2
P0448,S009,Synthetic automotive component 0448,12.9773,0.112432,1.179,0.5139,0.1856,50.87,low,0.7092,assisted,False,True,electronics,1,1,1,1
P0449,S006,Synthetic automotive component 0449,16.5381,0.150519,1.0806,0.5997,0.2323,27.09,critical,0.1182,assisted,True,False,powertrain,0,4,0,5
P0450,S025,Synthetic automotive component 0450,2.5535,0.008116,0.3156,0.2826,0.091,5.06,low,0.4788,manual,True,True,powertrain,3,3,0,5
P0451,S010,Synthetic automotive component 0451,3.2616,0.008024,0.2994,0.3153,0.085,7.32,low,0.5759,manual,True,True,powertrain,1,1,0,0
P0452,S033,Synthetic automotive component 0452,2.1464,0.008574,0.3653,0.2712,0.0866,24.83,medium,0.4099,manual,True,True,interior,2,2,2,2
P0453,S031,Synthetic automotive component 0453,2.1699,0.004014,0.3481,0.197,0.0586,37.3,high,0.2825,manual,True,True,electronics,2,2,2,2
P0454,S000,Synthetic automotive component 0454,1.63,0.00198,0.2057,0.1539,0.0625,1.37,medium,0.2852,manual,True,True,interior,1,0,0,0
P0455,S011,Synthetic automotive component 0455,2.181,0.013902,0.3439,0.3307,0.1222,18.71,low,0.3332,manual,True,True,body,6,7,0,5
P0456,S032,Synthetic automotive component 0456,6.1798,0.065836,0.6745,0.5453,0.179,4.88,medium,0.2964,assisted,False,True,powertrain,9,8,7,8
P0457,S056,Synthetic automotive component 0457,5.2567,0.081181,1.0192,0.4883,0.1631,20.17,low,0.2899,assisted,True,True,electronics,2,0,0,2
P0458,S004,Synthetic automotive component 0458,17.5554,0.060306,0.6488,0.4079,0.2279,171.81,low,0.1591,assisted,True,True,thermal,7,0,0,8
P0459,S026,Synthetic automotive component 0459,2.897,0.018396,0.4416,0.2787,0.1495,120.93,low,0.7473,manual,True,True,thermal,1,1,1,1
P0460,S059,Synthetic automotive component 0460,2.8936,0.014429,0.4014,0.3131,0.1148,93.52,medium,0.3567,manual,True,False,powertrain,2,2,2,0
P0461,S030,Synthetic automotive component 0461,5.6333,0.010455,0.4064,0.3003,0.0857,28.14,low,0.2214,manual,True,True,thermal,2,2,2,2
P0462,S023,Synthetic automotive component 0462,8.7258,0.024848,0.5771,0.3398,0.1267,16.53,low,0.3627,assisted,True,True,powertrain,0,6,0,7
P0463,S056,Synthetic automotive component 0463,5.2989,0.015772,0.4177,0.309,0.1222,1.64,medium,0.1245,manual,False,True,powertrain,1,1,1,0
P0464,S045,Synthetic automotive component 0464,1.5583,0.013328,0.4797,0.3132,0.0887,26.4,medium,0.2367,manual,True,False,electronics,7,0,0,7
P0465,S049,Synthetic automotive component 0465,6.2457,0.05459,0.6055,0.4381,0.2058,11.67,medium,0.3546,manual,False,True,thermal,2,2,2,2
P0466,S028,Synthetic automotive component 0466,2.8834,0.006461,0.4001,0.2263,0.0713,30.68,low,0.3236,manual,True,True,thermal,0,1,1,0
P0467,S034,Synthetic automotive component 0467,3.6917,0.056342,0.5332,0.4838,0.2184,7.52,low,0.1656,manual,True,True,chassis,2,2,2,2
P0468,S022,Synthetic automotive component 0468,2.3241,0.009967,0.3227,0.2321,0.1331,21.58,high,0.0898,manual,True,True,interior,3,0,3,4
P0469,S044,Synthetic automotive component 0469,1.0579,0.007817,0.3837,0.2612,0.078,6.07,high,0.1655,manual,True,True,thermal,0,5,7,7
P0470,S027,Synthetic automotive component 0470,4.1769,0.031308,0.5802,0.4131,0.1306,67.12,high,0.3671,manual,True,True,body,6,0,6,6
P0471,S053,Synthetic automotive component 0471,1.2646,0.000994,0.1555,0.1086,0.0589,7.64,medium,0.2017,manual,True,True,chassis,0,2,0,2
P0472,S058,Synthetic automotive component 0472,4.3675,0.021365,0.3955,0.4223,0.1279,117.23,low,0.2929,manual,True,True,chassis,0,0,1,1
P0473,S053,Synthetic automotive component 0473,0.8764,0.003777,0.2534,0.2422,0.0615,8.43,low,0.3119,manual,True,True,chassis,3,3,0,5
P0474,S008,Synthetic automotive component 0474,4.1473,0.019369,0.3963,0.3845,0.1271,25.33,low,0.4413,manual,True,False,chassis,1,0,1,1
P0475,S023,Synthetic automotive component 0475,1.7393,0.003639,0.3053,0.1915,0.0622,23.39,low,0.1426,manual,True,True,thermal,0,4,3,0
P0476,S023,Synthetic automotive component 0476,3.3521,0.02262,0.4495,0.3272,0.1538,18.26,high,0.2483,manual,True,False,thermal,1,1,1,1
P0477,S008,Synthetic automotive component 0477,3.5474,0.02262,0.418,0.4648,0.1164,53.21,high,0.4805,manual,True,True,thermal,1,1,1,1
P0478,S003,Synthetic automotive component 0478,8.7127,0.038111,0.585,0.4533,0.1437,11.54,high,0.1191,assisted,True,True,chassis,0,1,1,0
P0479,S028,Synthetic automotive component 0479,1.2978,0.016998,0.4514,0.2922,0.1289,67.43,medium,0.2775,manual,True,True,powertrain,1,1,1,1
P0480,S055,Synthetic automotive component 0480,2.6676,0.004141,0.3554,0.1721,0.0677,31.46,low,0.3781,manual,True,False,body,0,0,3,0
P0481,S035,Synthetic automotive component 0481,1.5505,0.005792,0.3495,0.2397,0.0691,12.29,high,0.0616,manual,True,True,body,5,4,5,4
P0482,S000,Synthetic automotive component 0482,2.5467,0.022538,0.589,0.3001,0.1275,2.65,high,0.33,manual,False,True,chassis,2,0,2,0
P0483,S023,Synthetic automotive component 0483,0.8393,0.002844,0.2234,0.1805,0.0705,4.93,critical,0.2428,manual,True,True,interior,5,4,5,3
P0484,S059,Synthetic automotive component 0484,1.6094,0.005248,0.3032,0.1926,0.0898,260.84,medium,0.25,manual,False,True,body,9,9,8,0
P0485,S041,Synthetic automotive component 0485,8.2924,0.030912,0.6488,0.3718,0.1281,38.13,critical,0.3481,assisted,True,True,powertrain,2,2,2,2
P0486,S048,Synthetic automotive component 0486,2.4423,0.018904,0.6056,0.3004,0.1039,11.55,high,0.0541,manual,True,True,chassis,7,8,0,7
P0487,S009,Synthetic automotive component 0487,1.7967,0.027187,0.5932,0.3572,0.1283,40.23,low,0.2056,manual,True,True,chassis,3,4,3,5
P0488,S023,Synthetic automotive component 0488,3.5333,0.008225,0.4029,0.24,0.0851,225.88,medium,0.2356,manual,True,True,electronics,2,0,2,2
P0489,S024,Synthetic automotive component 0489,2.0925,0.003872,0.3008,0.1754,0.0734,19.66,medium,0.5213,manual,True,True,body,6,5,5,5
P0490,S031,Synthetic automotive component 0490,7.0224,0.061363,0.9292,0.4139,0.1596,25.48,medium,0.3445,assisted,True,False,thermal,0,1,1,0
P0491,S015,Synthetic automotive component 0491,1.8659,0.008562,0.4707,0.2299,0.0791,8.74,medium,0.3103,manual,True,False,interior,6,5,5,6
P0492,S048,Synthetic automotive component 0492,0.5405,0.001452,0.2219,0.1262,0.0518,16.94,medium,0.2685,manual,True,True,powertrain,0,15,12,0
P0493,S009,Synthetic automotive component 0493,4.9491,0.027772,0.5608,0.3624,0.1367,29.04,medium,0.2243,manual,True,True,thermal,7,0,0,6
P0494,S023,Synthetic automotive component 0494,0.6602,0.008407,0.3468,0.2381,0.1018,10.95,medium,0.5388,manual,True,True,electronics,7,6,6,6
P0495,S022,Synthetic automotive component 0495,1.7664,0.005319,0.3937,0.196,0.0689,101.02,high,0.5103,manual,True,False,electronics,8,0,8,7
P0496,S012,Synthetic automotive component 0496,1.39,0.004424,0.2853,0.2092,0.0741,40.2,high,0.4763,manual,True,True,interior,9,7,7,0
P0497,S008,Synthetic automotive component 0497,2.4421,0.004916,0.2764,0.2016,0.0882,301.11,low,0.1081,manual,True,True,thermal,2,2,0,2
P0498,S050,Synthetic automotive component 0498,0.7091,0.003078,0.2356,0.1886,0.0693,58.61,high,0.5537,manual,True,True,powertrain,4,4,4,4
P0499,S023,Synthetic automotive component 0499,4.8197,0.019548,0.6232,0.3047,0.1029,14.76,critical,0.2333,manual,True,True,body,0,5,3,4
P0500,S030,Synthetic automotive component 0500,4.1322,0.027564,0.5722,0.3726,0.1293,13.39,medium,0.2981,manual,True,True,interior,1,1,1,0
P0501,S018,Synthetic automotive component 0501,10.3233,0.0265,0.4634,0.4262,0.1342,22.59,low,0.4169,assisted,True,True,chassis,4,0,0,4
P0502,S047,Synthetic automotive component 0502,2.0979,0.007894,0.2764,0.3369,0.0848,21.68,medium,0.159,manual,True,True,electronics,2,2,2,2
P0503,S033,Synthetic automotive component 0503,4.2079,0.018139,0.4882,0.3663,0.1014,4.8,medium,0.2732,manual,False,True,thermal,2,2,2,2
P0504,S023,Synthetic automotive component 0504,1.0064,0.006299,0.3018,0.2243,0.093,36.34,medium,0.1426,manual,True,True,thermal,1,1,1,1
P0505,S022,Synthetic automotive component 0505,1.609,0.025467,0.6123,0.3607,0.1153,15.25,medium,0.4009,manual,True,True,powertrain,10,0,10,8
P0506,S048,Synthetic automotive component 0506,1.046,0.002936,0.2163,0.2017,0.0673,42.55,low,0.1226,manual,True,True,chassis,2,2,2,2
P0507,S036,Synthetic automotive component 0507,1.4636,0.013032,0.5645,0.2428,0.0951,3.04,high,0.2881,manual,True,True,interior,4,4,3,4
P0508,S019,Synthetic automotive component 0508,12.0745,0.061408,0.6395,0.4506,0.2131,6.88,medium,0.1204,assisted,True,True,electronics,1,1,0,1
P0509,S011,Synthetic automotive component 0509,1.873,0.005824,0.3122,0.2136,0.0873,4.04,low,0.5478,manual,False,True,electronics,0,1,1,0
P0510,S018,Synthetic automotive component 0510,3.5575,0.011422,0.4172,0.3095,0.0885,16.54,high,0.2523,manual,True,True,powertrain,2,2,2,2
P0511,S040,Synthetic automotive component 0511,0.575,0.011866,0.3891,0.3312,0.0921,44.41,low,0.4569,manual,False,True,thermal,5,0,5,5
P0512,S021,Synthetic automotive component 0512,6.0783,0.024875,0.6074,0.34,0.1205,7.53,high,0.2899,manual,False,True,chassis,0,2,2,2
P0513,S019,Synthetic automotive component 0513,13.9718,0.149972,0.8965,0.6262,0.2672,16.07,medium,0.4402,assisted,True,True,powertrain,2,2,2,2
P0514,S055,Synthetic automotive component 0514,2.7391,0.008361,0.423,0.2436,0.0812,1.1,medium,0.4194,manual,True,True,electronics,2,2,2,2
P0515,S033,Synthetic automotive component 0515,20.5898,0.058907,0.6482,0.4901,0.1854,59.67,medium,0.2227,assisted,True,True,body,4,4,5,0
P0516,S032,Synthetic automotive component 0516,1.207,0.01494,0.4298,0.2668,0.1303,8.18,medium,0.2683,manual,True,False,chassis,1,1,1,1
P0517,S040,Synthetic automotive component 0517,2.8275,0.018558,0.3618,0.4125,0.1244,4.98,low,0.2641,manual,True,True,powertrain,1,1,1,0
P0518,S022,Synthetic automotive component 0518,5.5907,0.015618,0.4725,0.2938,0.1125,0.98,medium,0.185,manual,True,True,interior,7,0,7,7
P0519,S041,Synthetic automotive component 0519,2.108,0.01331,0.3447,0.269,0.1435,34.08,low,0.178,manual,True,True,powertrain,2,2,2,0
P0520,S015,Synthetic automotive component 0520,0.4198,0.001936,0.2005,0.1652,0.0584,7.75,low,0.1303,manual,True,True,thermal,0,1,0,1
P0521,S028,Synthetic automotive component 0521,1.9141,0.004098,0.3001,0.2059,0.0663,67.21,medium,0.3305,manual,False,True,interior,5,7,7,6
P0522,S006,Synthetic automotive component 0522,23.0445,0.130554,1.0166,0.5858,0.2192,60.85,high,0.246,assisted,True,True,electronics,14,0,0,0
P0523,S017,Synthetic automotive component 0523,0.5167,0.001813,0.1797,0.1805,0.0559,103.42,medium,0.1774,manual,True,False,interior,1,1,1,1
P0524,S044,Synthetic automotive component 0524,0.217,0.000711,0.1537,0.1327,0.0348,36.57,high,0.1196,manual,True,True,chassis,0,2,2,0
P0525,S012,Synthetic automotive component 0525,4.1658,0.050916,0.848,0.3859,0.1556,15.33,low,0.5657,manual,True,True,interior,1,1,0,0
P0526,S004,Synthetic automotive component 0526,3.1252,0.052322,0.8406,0.4037,0.1542,5.98,medium,0.5484,manual,True,True,powertrain,1,0,0,1
P0527,S049,Synthetic automotive component 0527,4.6853,0.059736,0.7969,0.4837,0.155,43.3,low,0.2458,manual,True,True,interior,2,2,2,2
P0528,S000,Synthetic automotive component 0528,6.3977,0.049831,0.6769,0.465,0.1583,6.87,low,0.2454,manual,True,True,chassis,1,0,1,1
P0529,S056,Synthetic automotive component 0529,8.7638,0.031657,0.4611,0.4985,0.1377,106.24,medium,0.1813,assisted,True,True,thermal,10,9,0,8
P0530,S040,Synthetic automotive component 0530,16.3153,0.216639,1.0809,0.8497,0.2359,32.58,low,0.563,mechanical,False,True,powertrain,1,1,1,1
P0531,S052,Synthetic automotive component 0531,2.0148,0.02358,0.4542,0.4563,0.1138,26.54,high,0.1981,manual,False,True,chassis,0,4,0,5
P0532,S059,Synthetic automotive component 0532,1.7367,0.005902,0.4048,0.2087,0.0699,55.97,medium,0.262,manual,False,True,body,7,0,6,7
P0533,S024,Synthetic automotive component 0533,4.3341,0.012049,0.4298,0.3183,0.0881,104.58,medium,0.0267,manual,True,True,body,0,2,0,0
P0534,S022,Synthetic automotive component 0534,13.5736,0.045861,0.6877,0.4206,0.1585,6.17,low,0.2244,assisted,True,False,body,0,9,10,10
P0535,S030,Synthetic automotive component 0535,1.0226,0.008401,0.3346,0.2549,0.0985,754.25,medium,0.3328,manual,True,True,electronics,6,0,0,8
P0536,S023,Synthetic automotive component 0536,3.1926,0.023207,0.6284,0.3395,0.1088,41.66,low,0.3499,manual,False,True,electronics,1,1,1,1
P0537,S009,Synthetic automotive component 0537,2.2928,0.008145,0.414,0.2219,0.0887,4.47,low,0.2171,manual,True,True,body,6,6,6,5
P0538,S009,Synthetic automotive component 0538,1.7584,0.017087,0.4391,0.3114,0.125,9.72,high,0.0705,manual,True,True,powertrain,0,1,0,1
P0539,S027,Synthetic automotive component 0539,2.3679,0.008536,0.441,0.2371,0.0816,66.55,low,0.5113,manual,True,True,interior,0,4,3,0
P0540,S039,Synthetic automotive component 0540,1.0401,0.008764,0.418,0.2695,0.0778,15.75,high,0.3719,manual,False,True,powertrain,1,1,1,1
P0541,S023,Synthetic automotive component 0541,2.7394,0.024085,0.4792,0.3139,0.1601,17.72,medium,0.6209,manual,True,True,powertrain,5,7,5,0
P0542,S053,Synthetic automotive component 0542,1.8929,0.006369,0.2966,0.2546,0.0843,13.57,medium,0.4993,manual,True,True,electronics,1,0,1,0
P0543,S026,Synthetic automotive component 0543,4.1568,0.056237,0.8368,0.4251,0.1581,5.73,medium,0.1273,manual,True,True,electronics,0,1,1,1
P0544,S000,Synthetic automotive component 0544,5.3109,0.032975,0.7506,0.3655,0.1202,108.04,medium,0.2632,manual,True,True,chassis,5,4,3,0
P0545,S046,Synthetic automotive component 0545,2.7821,0.011358,0.3318,0.3513,0.0975,8.14,medium,0.6155,manual,True,True,interior,7,7,7,5
P0546,S043,Synthetic automotive component 0546,5.1814,0.014564,0.4446,0.3215,0.1019,15.87,low,0.2638,manual,True,True,chassis,13,0,0,0
P0547,S040,Synthetic automotive component 0547,1.4087,0.002886,0.2345,0.1896,0.0649,16.82,medium,0.6148,manual,True,True,thermal,9,9,8,7
P0548,S032,Synthetic automotive component 0548,1.3145,0.007881,0.368,0.2691,0.0796,21.63,high,0.1443,manual,True,False,electronics,2,2,2,2
P0549,S023,Synthetic automotive component 0549,4.3029,0.027535,0.5309,0.3515,0.1475,4.53,medium,0.0613,manual,True,True,chassis,8,10,8,6
P0550,S021,Synthetic automotive component 0550,4.5122,0.005443,0.3332,0.2135,0.0765,43.58,low,0.4095,manual,False,True,electronics,4,3,5,5
P0551,S059,Synthetic automotive component 0551,2.8068,0.014714,0.5342,0.2972,0.0927,13.79,medium,0.2334,manual,True,True,thermal,7,5,5,6
P0552,S023,Synthetic automotive component 0552,1.2129,0.007579,0.3331,0.1998,0.1139,52.45,high,0.2591,manual,True,True,interior,8,7,9,0
P0553,S018,Synthetic automotive component 0553,2.2229,0.013752,0.4564,0.2668,0.1129,1.52,low,0.1549,manual,True,True,powertrain,1,1,1,1
P0554,S011,Synthetic automotive component 0554,4.3512,0.015123,0.4317,0.3199,0.1095,14.04,medium,0.0973,manual,True,True,electronics,2,2,2,2
P0555,S015,Synthetic automotive component 0555,4.3324,0.096108,0.8584,0.5138,0.2179,15.68,high,0.2545,assisted,True,True,interior,5,3,3,5
P0556,S015,Synthetic automotive component 0556,3.2767,0.029754,0.4937,0.4835,0.1246,3.11,medium,0.0647,manual,True,True,interior,0,14,0,14
P0557,S012,Synthetic automotive component 0557,4.4751,0.025851,0.6846,0.3085,0.1224,5.69,high,0.0876,manual,False,True,powertrain,0,1,1,0
P0558,S033,Synthetic automotive component 0558,1.5329,0.011761,0.407,0.3199,0.0903,52.13,low,0.2308,manual,True,True,body,5,5,4,4
P0559,S004,Synthetic automotive component 0559,2.8154,0.011231,0.4501,0.2483,0.1005,7.17,medium,0.3587,manual,True,True,powertrain,8,7,8,10
P0560,S059,Synthetic automotive component 0560,8.8172,0.032818,0.6163,0.4191,0.1271,143.78,medium,0.2561,assisted,True,True,electronics,0,5,0,4
P0561,S043,Synthetic automotive component 0561,5.5876,0.020872,0.5031,0.3064,0.1354,12.74,low,0.1337,manual,True,True,thermal,5,7,7,6
P0562,S042,Synthetic automotive component 0562,2.6557,0.026932,0.4546,0.483,0.1227,14.19,high,0.2848,manual,True,True,chassis,1,1,1,1
P0563,S033,Synthetic automotive component 0563,14.6568,0.027215,0.507,0.4566,0.1176,334.52,medium,0.6572,assisted,False,True,thermal,1,1,1,1
P0564,S019,Synthetic automotive component 0564,4.3511,0.010419,0.3161,0.27,0.1221,14.12,medium,0.4051,manual,True,True,chassis,0,0,7,5
P0565,S023,Synthetic automotive component 0565,5.507,0.05409,0.6606,0.5098,0.1606,50.44,high,0.3507,manual,True,True,interior,0,0,1,1
P0566,S053,Synthetic automotive component 0566,2.5541,0.005075,0.248,0.2381,0.0859,1.21,high,0.1494,manual,True,True,chassis,2,0,2,0
P0567,S054,Synthetic automotive component 0567,1.0833,0.0151,0.3609,0.369,0.1134,6.82,medium,0.6133,manual,True,True,powertrain,5,5,4,4
P0568,S025,Synthetic automotive component 0568,6.4622,0.036226,0.8085,0.3602,0.1244,28.23,medium,0.4361,manual,True,True,thermal,0,0,4,0
P0569,S055,Synthetic automotive component 0569,1.349,0.00832,0.4415,0.2356,0.08,187.56,low,0.2246,manual,False,True,chassis,6,7,6,7
P0570,S048,Synthetic automotive component 0570,1.1597,0.005656,0.2623,0.1968,0.1096,6.64,low,0.5049,manual,True,True,interior,2,2,2,2
P0571,S048,Synthetic automotive component 0571,1.2229,0.004218,0.3865,0.1705,0.064,4.98,low,0.3874,manual,True,True,body,3,0,0,5
P0572,S011,Synthetic automotive component 0572,13.9333,0.138323,1.0282,0.6633,0.2028,55.03,critical,0.2999,assisted,True,True,chassis,1,0,0,1
P0573,S051,Synthetic automotive component 0573,2.2919,0.002547,0.2503,0.1633,0.0623,20.93,low,0.1352,manual,True,False,thermal,0,0,1,1
P0574,S003,Synthetic automotive component 0574,3.9281,0.007144,0.332,0.2841,0.0758,30.01,low,0.1355,manual,False,True,thermal,0,8,10,6
P0575,S053,Synthetic automotive component 0575,5.9063,0.038436,0.5932,0.5024,0.129,29.92,medium,0.8042,manual,True,True,electronics,0,4,0,0
P0576,S048,Synthetic automotive component 0576,1.1049,0.007395,0.3497,0.2599,0.0814,26.55,low,0.1126,manual,True,True,powertrain,1,1,1,1
P0577,S009,Synthetic automotive component 0577,2.7792,0.005546,0.4067,0.1922,0.0709,11.72,medium,0.4215,manual,True,True,body,0,1,1,1
P0578,S007,Synthetic automotive component 0578,3.5764,0.015587,0.3878,0.2866,0.1403,23.16,high,0.5736,manual,True,True,interior,6,7,6,5
P0579,S012,Synthetic automotive component 0579,3.032,0.011495,0.5314,0.2342,0.0924,4.85,low,0.3533,manual,True,True,thermal,11,12,13,10
P0580,S015,Synthetic automotive component 0580,4.7465,0.031747,0.5854,0.332,0.1634,171.02,medium,0.3431,manual,True,True,interior,0,2,2,2
P0581,S022,Synthetic automotive component 0581,0.4385,0.001433,0.1592,0.1584,0.0569,13.6,low,0.1997,manual,True,True,body,7,0,6,0
P0582,S042,Synthetic automotive component 0582,2.5392,0.028425,0.4418,0.4173,0.1542,39.83,medium,0.3015,manual,True,True,interior,0,1,1,1
P0583,S044,Synthetic automotive component 0583,0.3591,0.003671,0.2712,0.2318,0.0584,1.44,medium,0.6463,manual,False,True,chassis,7,0,9,8
P0584,S042,Synthetic automotive component 0584,1.0967,0.006537,0.2915,0.2805,0.0799,1.78,medium,0.4682,manual,True,True,thermal,2,2,2,0
P0585,S024,Synthetic automotive component 0585,1.2968,0.00622,0.2777,0.2375,0.0943,7.83,low,0.7176,manual,True,True,electronics,9,12,14,9
P0586,S021,Synthetic automotive component 0586,3.4691,0.009413,0.3508,0.2947,0.0911,26.58,low,0.1221,manual,True,True,interior,3,0,4,4
P0587,S023,Synthetic automotive component 0587,9.3918,0.020193,0.4776,0.3307,0.1279,13.08,high,0.1235,assisted,True,True,thermal,1,0,0,0
P0588,S024,Synthetic automotive component 0588,1.8653,0.004673,0.3867,0.1944,0.0621,13.32,low,0.0818,manual,True,True,chassis,7,7,6,7
P0589,S021,Synthetic automotive component 0589,0.0919,0.000389,0.1032,0.1112,0.0338,13.88,medium,0.3992,manual,True,True,powertrain,2,2,0,2
P0590,S018,Synthetic automotive component 0590,2.8165,0.016123,0.4565,0.3123,0.1131,18.36,medium,0.513,manual,False,True,body,1,1,1,1
P0591,S000,Synthetic automotive component 0591,19.7589,0.095215,0.8755,0.5715,0.1903,10.5,medium,0.4367,assisted,True,True,body,2,2,2,2
P0592,S039,Synthetic automotive component 0592,7.7074,0.02494,0.6288,0.3203,0.1238,98.69,low,0.2523,manual,True,True,thermal,2,0,2,2
P0593,S022,Synthetic automotive component 0593,3.1151,0.012806,0.5187,0.2561,0.0964,39.56,low,0.0327,manual,True,True,powertrain,4,0,3,3
P0594,S054,Synthetic automotive component 0594,2.8123,0.013939,0.4484,0.3031,0.1026,20.54,critical,0.4986,manual,False,True,body,1,1,1,1
P0595,S027,Synthetic automotive component 0595,3.0495,0.012488,0.3779,0.3147,0.105,11.62,medium,0.1854,manual,True,True,interior,5,3,5,3
P0596,S012,Synthetic automotive component 0596,1.5469,0.01477,0.4101,0.2846,0.1265,7.2,medium,0.519,manual,True,True,powertrain,1,1,1,1
P0597,S018,Synthetic automotive component 0597,3.8459,0.017988,0.4642,0.3632,0.1067,107.32,low,0.2293,manual,True,True,interior,2,2,2,0
P0598,S016,Synthetic automotive component 0598,1.5542,0.009228,0.481,0.236,0.0813,22.26,high,0.3265,manual,True,True,interior,1,1,1,1
P0599,S018,Synthetic automotive component 0599,3.3321,0.017497,0.5237,0.3062,0.1091,24.54,low,0.2471,manual,True,True,thermal,2,2,0,2
